hours_studied,attendance_percentage,assignments_completed,previous_exam_score,sleep_hours,extracurricular_hours,tutoring_sessions,parental_support_score,screen_time_hours,motivation_level,class_participation_score,final_marks
3.75,75.95,18,76.66,5.33,0.88,5,7,6.68,7,4,88.45
9.51,73.96,4,38.37,5.25,0.72,5,3,4.47,2,9,75.93
7.32,51.28,7,70.08,8.52,1.27,6,4,0.25,9,2,86.61
5.99,67.06,6,47.97,5.52,4.57,4,9,3.69,3,5,69.34
1.56,69.01,13,86.29,9.37,0.57,6,4,3.7,2,2,83.52
1.56,69.94,2,59.82,7.44,3.79,1,3,4.35,3,1,57.58
0.58,79.01,17,99.63,6.1,3.79,0,5,5.37,2,5,89.6
8.66,76.68,15,36.48,9.0,4.05,7,7,0.15,8,2,94.5
6.01,80.4,18,84.62,6.96,4.43,0,5,4.02,5,7,100.0
7.08,88.24,18,77.16,9.47,1.32,1,4,4.71,3,8,98.85
0.21,90.65,17,83.72,9.57,1.12,5,8,2.75,5,2,91.07
9.7,85.91,19,51.53,4.99,2.33,0,4,5.35,8,7,94.56
8.32,97.78,15,64.44,4.01,1.33,2,2,1.83,7,4,95.04
2.12,50.91,7,85.76,9.9,3.67,6,10,2.54,6,1,84.4
1.82,59.79,0,46.28,9.44,3.18,7,6,7.7,1,3,44.97
1.83,50.38,16,45.82,4.33,4.37,3,2,2.78,10,1,69.19
3.04,82.37,11,68.57,9.0,0.41,2,3,2.77,1,5,73.07
5.25,94.9,20,66.65,6.75,4.58,0,1,4.77,1,8,78.36
4.32,62.17,10,49.76,5.55,1.47,8,5,7.77,10,1,66.32
2.91,96.35,4,50.87,9.27,2.45,5,9,7.86,8,9,91.01
6.12,53.01,11,49.45,5.18,2.19,5,2,4.64,8,3,67.68
1.39,96.72,16,84.01,9.68,3.8,8,7,0.01,7,5,100.0
2.92,67.58,5,75.63,5.23,2.1,0,5,7.21,6,9,75.0
3.66,55.07,0,88.27,7.68,4.72,5,2,4.56,4,5,64.88
4.56,74.29,4,98.28,5.34,4.51,4,8,2.93,1,9,85.01
7.85,62.84,13,63.19,7.27,4.36,5,6,6.63,9,10,100.0
2.0,64.24,4,34.67,8.1,0.36,7,4,3.2,1,8,60.18
5.14,65.36,0,33.37,5.14,4.27,4,4,0.27,4,7,59.35
5.92,90.15,17,50.7,7.13,3.91,1,2,6.57,3,1,79.97
0.46,76.96,15,95.28,6.81,0.52,1,3,4.37,7,4,84.06
6.08,65.57,8,66.62,4.43,0.54,4,7,2.71,5,9,83.17
1.71,80.52,18,49.03,8.91,0.51,2,3,2.01,5,10,87.22
0.65,85.81,4,57.94,6.01,0.06,2,5,4.75,4,8,66.7
9.49,63.63,1,71.9,7.45,2.74,7,10,1.66,1,4,81.08
9.66,70.68,14,75.71,7.09,4.87,6,6,2.59,5,1,100.0
8.08,56.09,6,40.77,7.08,2.19,0,6,5.09,4,10,71.47
3.05,59.06,3,98.39,4.64,2.7,4,4,7.05,10,4,80.57
0.98,84.06,0,68.13,6.54,4.84,8,6,4.26,8,3,73.3
6.84,59.07,12,39.5,6.71,1.28,3,3,6.07,2,6,67.86
4.4,76.26,19,92.55,8.4,4.29,0,7,6.1,8,5,100.0
1.22,85.45,6,35.22,9.04,2.73,7,7,5.31,1,5,54.62
4.95,55.34,14,93.54,7.27,2.85,4,4,1.97,4,2,89.55
0.34,78.37,13,99.76,4.52,1.72,1,2,6.93,3,3,76.43
9.09,62.83,18,79.03,5.42,2.81,0,7,3.49,5,6,100.0
2.59,98.15,19,83.93,4.99,0.37,2,3,0.35,5,2,92.38
6.63,74.18,17,53.61,4.75,3.82,8,1,1.96,5,4,88.83
3.12,90.3,9,95.91,6.2,1.42,0,2,6.12,4,2,77.26
5.2,77.51,8,67.08,5.38,4.44,3,10,0.55,8,9,89.59
5.47,52.17,7,81.27,5.31,1.84,7,9,1.18,3,3,91.06
1.85,81.66,9,94.69,4.33,0.71,7,8,5.55,4,10,90.67
9.7,97.57,16,98.26,4.11,3.48,7,6,7.14,1,10,100.0
7.75,80.08,1,88.32,4.62,0.82,7,6,5.07,7,6,100.0
9.39,90.96,5,51.21,5.03,3.77,3,1,1.78,1,1,64.84
8.95,94.21,4,97.66,6.59,4.84,7,2,0.43,2,10,100.0
5.98,61.4,8,73.97,7.06,3.9,8,4,4.92,7,3,88.23
9.22,60.6,4,95.14,4.84,0.11,6,3,0.38,1,8,89.99
0.88,80.55,17,77.33,6.55,3.0,1,1,4.9,3,5,81.47
1.96,70.55,19,51.51,6.05,3.48,8,8,1.8,6,8,86.01
0.45,91.99,8,55.9,5.1,4.13,7,7,7.24,6,2,68.21
3.25,95.0,16,68.53,4.04,0.28,4,4,3.8,6,7,94.12
3.89,67.67,16,85.3,6.8,2.4,2,9,1.79,2,9,98.3
2.71,61.84,11,52.26,8.11,2.68,6,4,6.83,2,7,69.79
8.29,89.03,6,70.58,5.36,0.85,1,1,2.03,6,3,89.64
3.57,63.74,2,54.19,4.79,1.61,2,10,2.45,10,7,72.02
2.81,91.13,9,87.1,9.32,2.2,8,1,6.67,5,8,98.64
5.43,71.19,1,62.67,5.65,4.17,3,1,2.47,7,1,70.84
1.41,83.38,2,35.37,5.34,4.65,3,1,3.28,7,3,53.05
8.02,54.78,15,41.62,9.14,3.14,2,4,2.78,5,5,80.81
0.75,81.19,1,34.28,8.9,1.97,4,1,0.93,8,6,64.82
9.87,72.59,9,64.95,6.69,1.27,2,2,0.31,10,3,97.66
7.72,79.33,5,37.44,6.94,4.91,8,4,5.8,6,4,86.1
1.99,58.4,10,37.99,5.31,4.92,2,7,5.16,5,5,56.35
0.06,86.84,6,95.87,4.47,4.62,1,2,2.26,4,3,74.25
8.15,93.14,14,91.09,7.44,3.93,4,8,2.36,7,4,100.0
7.07,60.84,5,61.65,4.59,1.63,5,7,7.56,4,5,74.25
7.29,54.79,19,99.01,6.7,4.09,0,9,7.9,5,2,98.26
7.71,51.18,8,30.01,9.64,2.04,5,6,3.79,5,10,68.41
0.74,82.1,19,72.98,9.72,1.63,2,4,6.42,1,9,76.99
3.58,80.35,11,73.15,5.44,3.72,3,6,5.89,1,10,73.36
1.16,77.33,18,62.02,7.74,0.4,5,4,2.38,3,8,92.37
8.63,61.6,19,57.79,6.84,0.24,7,7,0.47,3,6,94.13
6.23,69.55,2,61.88,9.25,2.24,8,9,1.14,2,10,100.0
3.31,79.72,14,59.05,5.63,2.23,5,3,6.71,2,3,76.77
0.64,74.84,1,81.13,4.02,4.48,6,3,5.85,6,2,63.0
3.11,99.39,20,39.47,4.98,0.63,4,2,5.31,1,7,82.18
3.25,56.82,1,43.83,6.1,0.62,8,1,1.05,6,8,62.91
7.3,84.76,2,42.64,5.89,0.74,3,1,5.12,5,10,70.48
6.38,70.22,5,48.37,8.75,0.15,5,3,6.18,6,1,75.54
8.87,71.41,14,66.77,8.08,0.36,4,7,6.88,5,6,100.0
4.72,85.88,9,37.78,5.8,3.3,0,9,0.11,7,7,85.51
1.2,84.62,8,90.77,6.75,2.16,4,2,5.48,1,9,80.72
7.13,99.56,0,50.82,4.57,3.82,4,7,0.15,3,3,76.73
7.61,56.42,15,41.38,9.39,4.96,8,1,5.65,6,2,90.05
5.61,55.21,5,77.29,9.61,3.3,0,2,5.08,1,5,75.48
7.71,86.22,8,32.67,9.88,0.25,4,6,1.19,7,10,94.06
4.94,78.92,3,73.4,9.21,0.52,6,5,6.13,4,1,86.36
5.23,63.71,1,78.87,5.04,4.41,5,8,0.55,3,6,90.79
4.28,53.97,3,45.04,4.28,2.64,5,2,6.61,10,9,66.53
0.25,54.28,0,32.94,7.48,4.12,6,1,2.1,9,10,50.09
1.08,94.71,18,55.46,9.48,4.28,5,7,5.51,1,9,79.57
0.31,59.59,9,36.9,5.06,4.64,4,6,7.39,8,7,52.12
6.36,66.17,20,38.15,4.04,4.75,4,8,2.72,1,7,84.72
3.14,61.33,14,47.8,8.83,2.77,8,8,4.02,5,8,74.88
5.09,67.75,18,50.68,4.46,1.71,7,2,3.7,10,10,100.0
9.08,53.47,15,67.1,6.48,4.81,3,8,1.26,8,2,94.65
2.49,75.95,20,77.49,8.07,2.74,3,6,4.72,6,6,99.36
4.1,53.38,3,71.49,5.42,0.32,4,9,5.94,7,5,63.72
7.56,90.02,1,40.39,4.5,3.21,2,7,7.33,8,5,76.03
2.29,61.69,12,42.05,8.62,2.94,7,2,6.81,6,3,60.78
0.77,77.0,0,91.51,7.78,4.48,6,8,4.08,6,3,83.44
2.9,94.0,16,69.08,9.93,3.27,4,9,5.75,6,6,100.0
1.61,82.54,12,90.9,6.07,1.75,2,7,6.41,5,10,77.37
9.3,76.65,3,56.01,4.37,4.83,4,4,3.95,8,10,96.15
8.08,66.22,6,73.01,8.41,4.01,2,9,0.92,2,7,95.16
6.33,66.65,16,66.66,7.13,3.15,4,4,3.5,7,1,92.11
8.71,83.47,8,52.34,5.28,1.46,0,4,6.74,4,3,83.33
8.04,99.71,3,62.89,8.69,1.87,5,9,4.77,1,1,90.71
1.87,83.09,18,65.17,5.22,3.35,3,8,5.8,5,10,91.66
8.93,77.89,0,44.05,5.56,0.36,3,4,1.48,3,3,69.28
5.39,86.53,9,52.05,4.56,1.28,7,8,7.71,4,5,89.91
8.07,73.26,3,85.4,6.4,3.57,1,8,3.23,7,9,98.34
8.96,53.01,8,94.11,6.51,2.4,3,7,5.23,5,3,96.66
3.18,78.11,12,55.19,7.09,2.01,1,10,0.15,4,10,86.06
1.1,97.88,13,51.49,8.25,0.76,0,6,1.02,1,10,68.55
2.28,58.77,9,43.66,9.44,2.21,2,8,6.26,6,9,61.14
4.27,84.5,5,77.49,4.83,3.85,7,7,7.74,10,1,87.99
8.18,60.05,15,52.62,4.33,1.32,5,5,2.56,6,6,99.94
8.61,76.79,5,99.14,4.11,0.03,6,4,0.3,7,9,100.0
0.07,54.83,16,52.8,4.86,3.34,1,2,2.89,1,5,55.59
5.11,72.52,9,57.59,7.95,4.86,5,8,0.14,4,10,84.17
4.17,87.81,17,72.23,8.36,3.03,7,9,1.54,9,2,100.0
2.22,67.38,17,86.12,8.72,0.6,7,4,6.02,10,5,100.0
1.2,83.25,2,62.87,5.46,1.6,3,4,7.5,6,1,65.36
3.38,89.77,19,59.59,5.84,4.34,5,5,0.7,2,9,86.14
9.43,96.36,20,99.69,6.9,1.16,4,2,4.46,4,10,100.0
3.23,61.73,14,30.73,4.38,3.04,8,7,2.03,6,10,79.84
5.19,69.97,14,92.65,7.67,2.01,7,5,1.11,4,9,100.0
7.03,57.62,3,40.44,9.9,1.04,1,6,1.75,10,6,80.43
3.64,99.62,8,85.01,6.16,4.07,6,4,4.62,7,9,100.0
9.72,96.35,18,73.26,8.52,3.71,6,8,0.52,3,3,100.0
9.62,77.0,16,53.93,7.0,3.31,0,8,3.47,6,4,93.71
2.52,92.1,10,91.17,4.77,1.18,0,5,1.08,4,6,86.25
4.97,76.05,8,30.9,7.49,0.49,3,6,2.18,3,4,69.41
3.01,81.18,9,45.87,5.8,2.88,4,3,1.53,3,1,68.97
2.85,54.46,17,69.68,4.21,2.77,3,1,7.06,2,7,72.57
0.37,87.76,19,54.61,7.81,0.94,6,9,5.66,3,5,90.95
6.1,56.39,12,72.73,9.15,0.28,2,9,6.95,10,8,96.1
5.03,91.3,7,31.69,6.07,0.4,6,3,3.07,1,9,64.8
0.51,89.1,6,38.15,6.34,4.96,7,4,2.51,3,5,62.49
2.79,85.44,16,38.9,9.35,3.92,5,7,3.04,9,8,86.0
9.08,51.81,20,43.25,8.88,4.61,5,2,0.15,4,1,80.3
2.4,65.16,14,62.15,8.29,0.98,7,3,5.8,3,1,70.03
1.45,63.16,19,82.65,5.49,4.8,7,6,2.8,8,7,91.96
4.89,68.01,14,93.39,9.46,0.71,6,8,2.51,1,6,100.0
9.86,54.38,0,88.48,4.93,2.55,5,1,4.79,5,5,81.0
2.42,96.85,13,43.78,7.76,4.15,5,4,3.49,1,5,74.61
6.72,77.69,4,60.88,4.17,1.75,5,1,7.85,7,9,94.63
7.62,65.28,10,43.96,7.86,2.12,7,2,2.85,5,1,80.01
2.38,69.85,15,48.51,5.66,0.64,0,8,4.91,2,8,68.87
7.28,72.36,1,65.25,6.7,0.61,4,6,2.49,1,2,79.84
3.68,80.03,7,34.77,6.07,3.1,2,9,7.92,7,7,73.03
6.32,75.78,10,45.27,5.04,3.38,7,2,3.56,1,6,83.67
6.34,95.97,17,95.48,7.73,3.89,5,3,5.07,3,10,100.0
5.36,74.85,2,62.63,9.29,2.78,1,9,1.01,6,2,81.71
0.9,99.61,0,61.18,9.75,3.23,6,9,5.86,6,3,77.15
8.35,92.57,10,31.02,5.15,0.07,6,6,2.15,7,4,89.79
3.21,60.43,15,47.32,8.3,0.81,4,3,3.59,1,7,69.85
1.87,96.53,17,90.64,7.99,4.92,7,5,7.07,7,8,100.0
0.41,55.82,15,41.52,6.06,0.38,4,2,7.76,2,2,46.55
5.91,90.87,9,59.06,4.11,3.39,0,7,3.4,6,8,84.6
6.78,69.03,17,31.0,8.14,0.88,8,10,6.68,8,9,100.0
0.17,93.9,5,63.48,9.67,3.58,3,8,0.43,5,7,81.01
5.12,93.4,18,31.47,7.79,3.53,1,6,6.78,10,1,80.97
2.26,90.3,3,87.37,6.61,1.17,3,8,5.04,3,6,80.68
6.45,89.5,12,87.74,7.15,1.35,8,2,3.91,8,8,100.0
1.74,65.23,13,85.14,5.2,3.27,1,3,7.12,8,5,80.75
6.91,54.05,2,49.84,8.5,1.95,3,7,6.76,4,2,72.04
3.87,70.15,9,88.61,8.48,0.97,1,10,2.38,8,5,96.17
9.37,58.68,5,68.01,4.87,3.66,4,1,6.33,5,8,86.58
1.38,84.75,0,56.17,9.27,0.77,2,7,0.8,5,2,63.94
3.41,67.3,13,73.77,5.62,4.28,1,6,6.58,3,1,66.29
1.13,98.78,7,30.86,9.89,2.57,8,8,5.4,7,4,77.33
9.25,82.05,18,40.01,6.3,0.53,4,7,0.7,9,4,100.0
8.77,91.12,13,81.96,5.07,3.47,4,4,5.46,9,9,100.0
2.58,56.63,9,47.09,6.11,2.6,0,3,4.64,1,3,49.34
6.6,93.1,16,71.86,6.64,1.49,5,3,4.76,1,4,98.68
8.17,96.14,8,56.96,4.42,2.11,6,4,2.33,10,3,89.91
5.55,74.35,5,89.84,7.47,1.49,0,9,2.13,5,2,82.14
5.3,80.31,10,96.67,7.59,1.32,8,9,6.1,1,4,99.01
2.42,88.24,6,91.85,8.43,0.82,7,2,2.05,4,8,97.82
0.93,58.74,16,48.94,4.18,1.81,7,5,3.57,1,1,67.12
8.97,75.13,0,43.59,7.25,1.25,6,1,5.56,2,8,84.03
9.0,69.93,4,63.21,4.32,3.42,4,4,0.64,2,8,86.55
6.33,57.32,8,30.51,8.21,3.42,2,2,4.76,4,3,61.26
3.39,68.38,17,31.81,4.33,2.51,8,8,4.72,8,10,89.27
3.49,53.41,20,68.73,9.47,3.89,6,4,5.47,2,10,82.07
7.26,51.29,1,66.43,8.21,4.21,7,5,2.96,9,6,81.88
8.97,56.76,10,99.62,7.04,2.9,5,4,3.59,9,4,100.0
8.87,98.16,5,44.13,6.65,3.09,4,5,2.64,2,1,87.5
7.8,77.48,7,48.07,4.78,1.41,7,5,6.47,1,1,72.53
6.42,98.29,3,37.95,5.75,4.47,2,5,1.04,10,5,87.38
0.84,71.62,17,94.23,9.21,0.12,6,3,7.7,10,8,99.01
1.62,65.59,10,84.45,9.43,1.74,1,7,5.08,9,1,85.92
8.99,75.31,4,87.56,4.0,3.61,2,3,7.1,2,2,78.62
6.06,71.98,14,93.19,7.56,0.4,1,2,3.41,8,7,98.22
0.09,55.28,17,66.74,8.32,0.92,4,3,2.66,3,8,75.09
1.01,82.04,1,61.58,7.71,2.95,6,3,7.21,1,3,55.88
6.64,60.8,10,53.13,4.49,2.8,0,8,0.79,1,8,63.4
0.05,80.98,12,71.25,5.31,3.69,8,4,0.94,10,1,75.9
1.61,82.51,3,61.8,5.5,4.06,0,3,2.39,2,9,56.28
5.49,57.6,6,61.61,8.99,0.64,0,10,7.68,7,2,70.54
6.92,53.07,10,95.58,6.78,0.09,7,5,5.06,6,2,100.0
6.52,89.04,3,98.88,6.92,3.45,5,4,4.43,2,4,94.17
2.24,72.99,14,85.75,9.61,1.51,5,9,5.64,4,10,95.29
7.12,52.91,0,82.97,7.82,3.13,8,8,3.34,2,3,93.42
2.37,99.74,2,77.64,9.39,0.75,3,7,6.06,1,4,81.43
3.25,52.89,13,41.63,6.74,2.35,7,8,3.15,3,6,76.13
7.46,84.75,5,34.14,4.9,2.52,3,5,6.61,4,7,67.28
6.5,99.18,17,78.35,9.58,2.93,1,4,2.14,10,5,100.0
8.49,61.96,0,81.02,6.75,2.57,7,7,2.22,5,2,91.72
6.58,57.11,5,33.29,5.09,2.48,6,1,4.18,5,3,62.95
5.68,56.07,5,94.96,5.81,1.66,3,6,3.45,7,10,100.0
0.94,65.16,20,36.38,4.3,0.36,8,8,5.18,10,3,79.56
3.68,55.05,15,50.01,6.81,0.45,8,7,2.91,8,5,79.48
2.65,84.61,4,77.07,9.12,2.17,7,2,1.84,9,5,82.64
2.44,53.11,16,41.89,9.6,1.78,0,7,3.76,7,4,80.95
9.73,75.47,9,33.88,9.6,2.58,6,6,4.49,5,8,90.15
3.93,99.83,20,53.18,4.75,1.52,4,5,1.14,9,6,88.25
8.92,90.7,17,83.62,6.29,3.44,6,4,4.45,8,6,100.0
6.31,80.76,6,58.96,4.17,4.32,8,1,2.55,10,1,77.56
7.95,65.31,2,75.71,9.13,1.49,1,2,3.14,9,6,93.78
5.03,81.19,12,70.57,6.15,0.96,3,7,2.23,10,3,85.9
5.77,76.35,14,31.56,7.79,0.58,3,10,7.45,8,6,78.1
4.93,71.3,19,99.2,8.29,3.08,1,3,5.47,6,10,100.0
1.95,56.54,18,32.9,6.58,2.22,2,5,2.1,4,6,70.57
7.22,94.33,2,97.75,5.84,0.94,7,8,5.16,9,2,100.0
2.81,72.49,3,68.49,9.77,3.27,8,8,6.79,9,1,74.43
0.24,59.73,4,97.42,9.79,0.74,5,6,3.21,10,3,83.29
6.45,68.39,0,38.03,5.74,2.77,1,5,6.64,10,5,66.75
1.77,70.71,3,64.33,6.88,2.64,1,2,1.24,9,4,73.36
9.4,91.38,11,41.87,9.84,3.67,6,9,6.58,10,7,100.0
9.54,86.68,9,33.57,4.03,0.28,7,1,4.32,3,4,81.19
9.15,88.47,20,73.23,6.48,4.44,7,2,1.78,3,8,100.0
3.7,50.55,19,44.54,4.6,3.51,5,1,3.26,6,7,76.37
0.15,70.81,12,71.14,7.05,1.08,7,4,7.9,6,10,86.8
9.28,74.07,13,37.87,4.15,0.92,0,4,6.27,6,9,89.93
4.28,50.96,4,53.24,6.44,2.16,8,5,4.6,5,1,69.99
9.67,62.99,3,84.71,5.32,4.09,0,5,0.92,5,5,96.91
9.64,88.01,13,60.59,7.2,4.21,2,8,3.34,2,4,96.54
8.53,56.86,9,73.94,9.98,2.6,8,3,2.1,7,6,96.91
2.94,76.77,16,75.32,8.8,4.3,4,6,0.57,4,1,87.07
3.85,60.76,9,89.06,9.07,0.03,8,3,4.34,3,6,86.32
8.51,50.61,6,52.74,7.81,0.18,8,2,7.11,8,1,85.82
3.17,62.06,15,78.11,4.25,4.56,5,8,5.4,4,1,80.67
1.69,98.79,0,97.31,5.24,3.88,0,1,2.0,4,8,78.39
5.57,90.08,16,81.12,9.55,2.25,6,9,4.59,8,2,100.0
9.36,97.98,20,64.29,6.2,3.77,5,7,7.55,1,10,100.0
6.96,74.39,8,74.15,4.62,4.78,8,10,5.78,9,6,95.08
5.7,55.49,5,81.78,8.21,3.86,6,4,5.52,7,6,91.69
0.97,77.4,18,72.86,5.8,4.21,3,3,7.75,2,6,79.3
6.15,72.72,12,31.17,5.61,3.8,6,6,6.39,6,8,82.5
9.9,92.22,2,43.63,9.99,0.84,1,9,1.09,8,4,95.51
1.4,54.9,6,86.73,9.15,4.17,5,9,2.78,5,3,75.41
5.18,74.41,8,49.09,6.45,0.98,5,4,7.72,6,6,74.99
8.77,57.5,4,81.21,9.88,4.46,1,10,3.92,10,4,97.36
7.41,66.23,9,56.05,7.9,2.29,3,5,0.89,8,2,97.12
6.97,86.87,16,66.53,8.45,3.38,7,9,3.67,6,6,100.0
7.02,73.8,11,34.76,4.19,2.49,7,2,5.58,9,10,80.97
3.59,68.79,15,42.69,4.73,0.47,7,2,7.98,9,5,70.61
2.94,69.72,2,97.0,7.8,1.45,7,5,2.59,9,9,87.13
8.09,72.97,8,92.31,9.39,4.92,0,1,4.11,6,6,93.43
8.1,89.25,14,75.66,7.74,4.8,1,8,7.04,9,3,100.0
8.67,94.6,4,62.18,4.8,1.6,3,5,2.84,3,5,83.69
9.13,97.77,12,77.3,4.69,4.98,8,10,0.87,5,10,100.0
5.11,89.35,13,73.3,9.07,4.23,2,2,7.59,2,8,87.45
5.02,65.77,19,69.8,4.84,3.05,5,9,3.91,8,9,100.0
7.98,84.41,14,34.14,7.12,0.2,6,2,4.02,4,8,92.06
6.5,71.88,15,74.3,4.22,4.51,7,7,4.97,6,3,99.67
7.02,62.73,12,83.82,4.48,2.79,6,8,0.03,6,9,100.0
7.96,92.04,16,99.59,8.03,4.34,2,6,7.45,5,3,97.54
8.9,51.92,7,30.78,8.14,4.17,5,7,2.89,1,8,71.9
3.38,95.09,20,81.11,6.05,4.17,4,1,3.18,7,10,97.76
3.76,73.07,1,70.03,5.29,3.49,3,4,1.39,10,9,83.14
0.94,81.86,4,60.38,8.88,1.46,0,7,3.03,8,7,73.06
5.78,82.97,5,38.93,5.3,1.68,6,1,6.43,1,4,64.78
0.36,94.76,11,58.64,7.25,1.54,7,1,6.4,10,10,93.83
4.66,81.83,17,54.81,9.81,0.1,1,6,7.49,7,9,88.49
5.43,80.7,0,51.2,4.89,2.91,6,4,3.23,4,3,59.33
2.87,53.33,16,81.16,9.65,3.49,5,3,5.67,6,3,84.13
5.91,75.92,10,79.05,5.1,4.27,4,5,4.06,9,2,98.66
0.31,57.51,9,71.23,7.4,0.7,3,9,6.43,5,10,74.76
0.37,86.87,18,95.71,6.26,2.72,1,10,5.7,8,3,91.39
8.23,75.61,13,54.49,9.79,0.04,5,10,2.94,5,1,98.11
3.6,84.01,9,47.07,5.64,0.48,4,10,2.69,2,4,83.9
1.27,52.08,14,75.91,6.4,0.27,1,3,2.02,4,8,68.89
5.22,54.24,18,43.92,9.9,3.63,6,5,4.61,2,5,78.79
7.7,85.82,3,52.05,7.22,0.41,5,10,7.71,7,2,90.8
2.16,53.6,1,45.72,7.02,3.58,8,5,1.6,7,3,63.4
6.23,53.56,8,34.84,5.55,1.25,4,9,0.76,3,1,66.84
0.85,50.61,9,87.92,8.21,4.39,8,10,0.96,7,2,80.96
0.52,97.83,10,47.82,4.09,4.07,8,4,6.26,1,1,61.62
5.31,86.88,13,63.11,4.3,4.79,0,1,2.8,1,2,75.9
5.41,67.66,6,33.03,7.6,4.42,4,10,1.79,9,3,78.79
6.37,64.83,14,78.95,6.05,4.67,8,5,2.82,6,1,100.0
7.26,67.49,18,53.14,9.72,4.29,6,1,5.16,5,9,86.85
9.76,88.73,14,82.13,9.42,3.47,5,6,4.37,6,10,100.0
5.16,83.07,7,58.87,8.28,0.85,5,10,5.95,6,5,87.05
3.23,59.26,10,43.7,8.91,1.36,6,10,2.71,1,8,72.45
7.95,58.71,8,65.92,8.0,1.06,0,7,3.62,5,5,89.47
2.71,54.92,14,39.14,4.75,3.02,3,1,0.82,9,8,75.21
4.39,83.02,0,60.84,8.59,2.52,0,10,0.58,4,7,81.78
0.78,88.22,0,52.21,5.26,4.34,5,4,3.7,3,4,64.36
0.25,63.25,18,93.84,5.94,4.76,3,9,2.41,1,7,82.31
9.63,51.05,2,34.27,8.92,2.02,0,1,4.9,2,6,70.65
8.36,54.11,9,78.58,7.22,2.53,8,9,0.34,3,3,93.94
6.96,98.39,7,42.79,9.16,4.86,3,8,0.97,4,9,88.2
4.09,64.77,14,52.33,5.28,1.38,5,5,6.92,7,10,82.91
1.73,88.46,9,59.09,7.65,3.96,6,6,4.53,6,9,79.65
1.56,81.23,0,93.56,4.5,1.13,7,7,5.7,8,5,84.12
2.5,69.1,17,46.98,7.86,3.41,8,4,6.74,9,8,90.18
5.49,60.28,1,36.39,8.58,1.27,8,6,3.71,6,7,76.52
7.15,56.07,18,52.31,7.51,4.42,7,7,6.09,7,9,94.07
6.6,80.75,12,37.33,5.6,2.81,2,6,4.2,4,7,76.39
2.8,88.73,0,39.0,4.19,0.93,1,6,1.78,2,4,51.75
9.55,82.2,1,70.17,4.72,1.12,4,2,2.7,9,4,94.93
7.38,76.52,15,34.26,7.73,2.47,0,5,3.92,9,8,80.67
5.54,52.1,14,32.17,9.61,4.81,2,3,2.54,4,6,64.82
6.12,98.42,12,80.01,5.24,3.85,0,7,2.68,3,9,94.51
4.2,89.94,15,55.32,8.41,2.44,2,4,2.7,10,10,100.0
2.48,64.64,16,38.78,9.2,1.69,3,1,0.98,6,7,72.17
3.56,99.0,20,47.75,7.13,2.75,6,6,0.68,3,7,97.6
7.58,80.09,6,74.95,8.02,3.74,4,6,0.37,1,4,90.05
0.14,79.12,16,49.29,8.89,3.92,4,7,0.89,4,3,69.67
1.16,87.4,6,64.62,5.56,1.62,0,8,2.75,1,8,65.56
0.46,90.59,12,38.52,5.78,3.61,7,3,4.75,2,7,60.04
0.41,82.82,4,71.17,4.0,3.29,3,6,1.51,3,4,77.31
8.55,56.4,16,52.13,9.78,4.8,4,10,7.1,8,4,100.0
7.04,66.91,2,73.89,9.51,4.66,1,2,6.47,10,1,84.03
4.74,96.4,6,86.59,8.59,3.95,0,9,4.16,4,7,85.16
0.98,61.23,16,72.82,4.47,3.62,8,2,5.79,4,1,70.22
4.92,68.61,6,50.7,6.69,1.37,1,3,2.93,10,10,75.4
4.73,71.6,20,47.9,4.61,4.23,5,10,0.29,9,10,99.68
1.73,71.97,0,52.92,4.1,2.14,0,2,7.23,7,4,48.41
4.34,80.65,16,41.52,7.7,1.36,0,9,1.02,2,3,72.76
3.99,97.15,16,42.68,9.76,1.92,8,1,7.58,3,3,77.39
6.16,62.03,10,85.35,9.42,4.18,3,5,4.58,4,1,84.92
6.35,56.08,2,56.93,8.18,0.74,8,1,2.44,4,4,75.17
0.45,59.87,14,60.52,4.58,2.28,4,5,3.96,10,1,70.5
3.75,94.35,20,71.58,5.64,2.46,6,8,4.01,8,8,100.0
6.26,82.29,10,71.28,5.92,0.18,0,8,0.19,10,1,98.89
5.03,64.3,15,34.72,8.58,0.98,5,8,2.84,10,6,84.13
8.56,90.8,8,88.21,8.81,4.13,7,2,5.92,6,7,100.0
6.59,93.07,0,42.41,6.31,4.15,0,8,4.08,3,10,70.65
1.63,92.33,15,80.62,6.51,1.46,8,5,1.95,9,2,95.33
0.71,95.95,8,84.09,4.27,4.37,2,1,2.68,10,4,83.58
6.42,62.61,18,80.04,5.73,3.86,0,7,6.9,8,3,97.31
0.27,87.75,11,70.53,6.71,2.09,0,6,4.2,9,9,78.53
5.86,73.03,18,31.02,4.7,3.74,5,5,4.23,5,7,76.51
9.4,92.1,8,55.23,6.72,4.81,5,1,7.69,3,2,86.28
5.75,86.42,6,72.34,9.12,2.29,0,1,2.57,4,6,84.57
3.88,88.82,13,57.12,7.49,1.19,2,6,3.84,5,9,83.77
6.43,82.81,18,90.44,4.47,4.71,6,10,6.49,9,3,100.0
4.58,58.87,18,51.62,5.15,3.02,2,7,6.07,9,6,87.45
5.46,77.25,1,50.55,6.85,0.53,2,10,2.13,3,3,68.26
9.41,99.23,8,48.62,6.17,2.86,2,10,1.21,7,3,100.0
3.86,96.87,12,53.29,6.15,2.5,6,1,5.61,6,4,88.47
9.61,52.16,14,69.02,7.18,4.28,3,9,2.06,4,9,100.0
9.05,58.24,2,79.49,7.51,2.65,3,4,7.38,5,8,96.84
1.96,56.59,10,76.38,8.78,1.28,2,5,1.03,10,1,74.6
0.69,86.3,20,86.54,6.05,3.38,8,2,2.55,2,1,91.02
1.01,90.89,13,92.01,8.83,2.71,1,10,0.44,7,7,100.0
0.18,60.68,7,87.13,6.03,1.17,3,8,5.63,4,3,67.56
0.94,75.29,17,31.33,4.33,2.87,7,2,7.13,2,7,65.18
6.83,92.04,18,81.51,7.33,4.11,5,3,5.09,6,9,100.0
0.71,86.64,15,44.59,7.53,0.14,6,9,7.5,2,3,61.84
3.19,77.11,1,39.3,9.61,3.15,6,2,1.03,10,3,61.68
8.45,79.52,7,74.69,8.36,1.75,1,6,0.7,2,2,91.39
0.23,75.42,5,52.38,9.51,1.46,3,4,6.71,7,10,69.48
8.14,64.88,11,34.0,9.45,1.96,5,7,6.84,1,1,73.41
2.82,78.25,14,39.63,7.63,1.71,2,6,6.65,7,9,85.8
1.18,84.44,7,30.07,7.17,4.16,8,10,6.39,10,6,79.22
6.97,93.67,3,93.23,7.34,1.37,3,9,2.9,5,6,93.58
6.29,81.81,14,31.72,9.87,3.67,1,9,1.74,1,8,79.59
8.77,88.06,19,44.66,8.64,0.47,5,10,7.43,6,5,100.0
7.35,58.0,16,59.14,4.64,4.76,0,4,2.46,7,9,91.0
8.03,73.08,12,54.96,8.67,3.11,5,1,3.19,1,5,84.5
2.82,50.47,17,93.82,5.02,3.53,0,2,5.6,9,2,77.74
1.77,62.33,1,32.82,6.68,1.49,7,8,2.35,7,6,70.83
7.51,86.32,12,65.86,5.26,2.06,4,10,6.55,1,9,95.7
8.07,99.59,12,77.63,8.14,1.12,5,8,0.56,3,3,100.0
9.91,54.96,14,95.22,9.26,4.66,1,2,6.33,5,10,100.0
4.13,70.07,19,73.43,5.74,2.44,1,4,4.81,4,4,92.34
3.72,90.0,9,86.26,4.49,3.15,8,1,4.58,2,10,95.01
7.76,60.2,2,35.86,5.79,3.67,2,7,3.67,1,8,65.29
3.41,77.75,18,57.02,8.03,1.86,5,4,2.22,4,6,81.45
9.31,86.65,2,56.18,5.97,3.6,4,8,3.71,7,7,90.0
8.58,80.8,13,92.04,5.67,3.38,3,9,3.6,4,7,100.0
4.29,59.4,7,40.6,5.11,3.53,1,9,4.67,9,4,71.53
7.51,67.77,3,40.63,6.99,2.45,7,3,2.25,8,6,85.76
7.55,89.19,19,53.0,5.66,1.91,6,5,0.62,8,9,100.0
1.03,77.71,10,33.81,8.39,1.11,1,6,1.16,5,3,65.36
9.03,50.26,10,42.77,4.46,4.12,5,6,5.59,1,8,72.91
5.05,88.05,10,97.56,7.98,3.04,7,10,0.18,9,7,100.0
8.26,51.77,1,59.97,5.43,2.22,6,8,6.85,2,4,67.66
3.2,87.29,16,74.24,6.94,4.72,0,6,5.56,6,10,83.27
8.96,60.12,8,80.83,5.72,0.24,4,6,6.14,10,3,95.28
3.89,97.9,1,55.69,8.34,4.25,1,4,6.69,5,7,71.59
0.11,68.4,14,40.31,9.67,4.99,5,7,0.98,10,10,73.86
9.05,66.35,15,44.46,9.5,4.43,6,8,6.58,8,9,100.0
0.91,57.44,3,51.93,7.5,4.05,6,3,4.04,3,10,54.58
3.19,65.28,7,74.52,6.78,1.87,2,7,7.08,6,3,75.63
9.5,93.83,8,57.88,8.91,1.16,6,3,7.09,6,10,100.0
9.51,99.82,4,30.48,8.1,3.67,4,8,0.19,10,9,99.81
5.73,68.42,15,66.64,5.1,1.52,7,1,3.06,3,8,87.78
6.32,72.43,12,94.51,8.93,0.88,7,1,4.21,7,3,100.0
4.48,86.1,6,86.85,6.57,3.93,6,6,5.43,4,8,89.11
2.93,94.31,19,87.76,5.13,1.56,5,10,2.29,5,4,98.1
3.29,79.65,16,85.65,5.69,4.57,1,9,2.02,9,6,100.0
6.73,69.58,2,52.66,5.61,4.2,5,4,3.05,6,10,77.82
7.52,70.63,4,83.56,7.12,4.24,8,6,4.01,10,2,100.0
7.92,84.78,18,40.02,5.41,3.86,1,5,7.61,4,8,91.66
7.9,50.16,11,76.04,4.74,4.4,0,1,6.1,8,9,88.34
0.91,80.98,6,74.91,4.74,4.03,4,6,3.43,9,7,84.68
4.94,67.77,8,31.79,7.5,3.01,5,9,0.43,10,8,80.66
0.58,89.71,5,85.16,8.41,1.48,2,3,1.35,5,7,82.46
5.5,54.65,16,93.23,5.93,4.44,7,3,3.65,2,10,100.0
4.42,79.41,15,48.72,4.21,4.2,6,2,6.51,6,4,77.86
8.88,74.05,2,86.87,4.76,2.36,1,4,3.05,8,1,88.92
3.51,82.12,20,35.77,9.49,0.2,6,10,4.31,5,3,88.48
1.17,53.24,3,72.0,6.96,3.19,0,3,7.13,1,7,62.66
1.43,79.0,9,64.0,6.72,0.25,8,2,7.31,8,7,79.57
7.62,78.07,4,68.21,4.23,4.63,6,1,1.73,9,3,87.29
6.18,78.03,20,94.83,8.37,4.81,5,3,0.35,1,1,100.0
1.01,80.17,9,90.99,7.17,0.95,1,10,2.44,8,10,92.36
0.84,83.82,11,84.96,5.21,3.38,2,6,5.57,10,9,92.86
7.01,90.25,9,49.16,4.66,0.46,0,9,7.61,2,6,87.38
0.73,63.49,12,93.83,6.3,3.65,4,5,0.62,4,7,72.73
8.22,91.25,10,36.83,9.02,1.74,8,3,0.23,2,1,86.43
7.06,74.91,15,89.73,9.19,3.41,5,5,7.07,2,1,95.27
0.81,53.85,7,52.97,7.62,1.86,4,5,5.99,10,4,60.69
0.85,52.93,7,33.76,8.37,0.73,2,5,7.94,3,7,40.1
9.87,66.71,7,76.85,4.69,2.03,4,7,3.17,8,8,96.07
3.74,89.24,12,46.19,7.53,0.56,7,5,3.33,4,10,87.3
3.71,85.38,1,47.05,8.0,2.88,1,7,1.38,7,9,71.69
8.13,89.43,11,51.42,5.2,0.2,4,9,0.93,10,1,96.08
9.47,75.86,9,34.46,9.28,2.64,5,5,4.63,3,4,84.41
9.86,72.01,11,42.4,5.17,4.43,7,2,2.91,10,4,92.06
7.53,57.37,10,30.36,5.88,4.19,7,5,0.64,3,3,80.54
3.76,66.41,14,61.18,7.72,4.41,4,8,7.1,2,7,75.56
0.84,71.7,15,35.9,7.83,4.61,8,4,1.59,6,1,76.13
7.77,54.43,16,77.79,8.2,0.52,3,2,5.99,6,9,98.26
5.58,61.03,1,46.49,4.67,0.64,8,10,2.26,1,8,69.71
4.24,79.91,17,96.05,9.1,2.79,6,3,6.5,7,2,97.64
9.06,86.78,11,90.99,7.2,4.47,5,9,0.95,4,2,100.0
1.11,99.92,18,50.26,6.83,4.87,3,9,6.05,3,8,84.38
4.93,96.66,17,84.83,9.89,0.23,1,8,0.78,8,1,100.0
0.11,82.13,16,86.23,8.44,1.78,7,8,3.58,2,7,90.08
4.69,71.06,5,99.06,4.71,1.06,5,8,5.87,9,9,87.74
0.56,81.81,14,71.85,8.54,3.78,2,8,1.39,8,3,76.63
1.19,89.28,2,35.74,4.57,3.2,6,8,2.29,8,7,64.73
1.18,55.92,5,75.28,4.16,0.6,6,1,6.92,3,6,59.05
6.49,70.5,2,73.75,6.42,2.42,5,6,7.08,4,7,89.32
7.46,91.99,0,74.68,9.96,3.43,1,9,0.36,2,7,80.48
5.83,69.19,12,51.5,5.05,3.9,7,8,1.34,2,10,80.01
9.62,78.59,20,90.18,8.04,0.1,0,3,0.94,4,1,100.0
3.75,79.39,13,97.16,5.04,4.45,0,1,1.44,6,3,88.63
2.86,59.22,12,45.24,8.35,2.85,5,2,7.76,5,10,69.09
8.69,68.11,3,36.17,7.03,4.06,4,2,4.41,1,1,75.27
2.24,66.73,6,43.62,8.08,4.04,8,7,3.74,10,5,78.77
9.63,51.31,9,87.44,5.22,0.95,6,6,7.88,1,3,97.92
0.12,51.21,6,77.37,8.47,0.55,1,2,4.46,6,1,59.1
9.7,91.58,20,74.52,9.97,3.61,6,8,5.29,3,2,100.0
0.43,63.65,14,58.13,7.99,0.78,2,9,2.66,3,10,70.95
8.91,75.9,14,70.45,6.96,4.25,0,7,3.06,7,5,100.0
5.28,64.94,3,51.55,9.54,3.63,7,4,4.76,1,3,71.72
9.93,97.03,5,63.4,4.1,4.21,2,1,0.56,1,6,87.15
0.74,62.96,19,85.51,8.38,1.5,7,4,2.05,10,9,100.0
5.54,71.48,4,98.69,9.33,1.58,6,4,1.57,3,6,98.62
9.69,93.64,19,95.27,4.37,3.36,1,8,0.13,8,2,100.0
5.23,92.1,11,95.37,6.7,0.16,0,4,4.3,1,2,86.74
6.29,59.31,0,58.16,5.23,3.63,6,4,4.49,10,8,83.27
6.96,90.13,7,62.82,7.4,4.18,0,2,3.07,4,8,75.6
4.55,72.91,0,79.39,7.9,2.08,5,10,2.15,9,6,92.91
6.28,74.15,4,94.55,5.82,3.82,7,7,5.22,4,10,92.34
5.84,56.67,5,39.94,6.76,0.87,6,4,1.08,10,7,84.87
9.01,54.03,20,51.3,5.68,1.61,3,6,4.15,8,1,100.0
0.45,86.4,2,39.75,6.22,4.87,0,3,6.14,7,9,52.2
2.81,74.82,14,72.84,4.96,4.93,0,7,1.31,3,5,71.07
9.5,71.84,4,51.44,9.31,2.56,3,6,6.03,7,9,90.61
8.9,86.48,13,52.83,4.06,4.67,4,3,6.09,7,2,90.13
4.56,88.28,17,34.96,9.29,2.61,6,4,0.48,10,8,98.77
6.2,57.95,15,54.49,7.43,1.46,3,10,0.15,3,7,89.19
2.77,80.51,5,90.37,5.99,1.33,0,5,7.79,2,4,71.0
1.88,56.77,13,46.32,8.34,4.65,6,9,1.55,9,3,77.19
4.64,87.57,7,78.66,7.05,0.86,1,6,6.58,1,4,73.5
3.53,82.85,6,74.07,6.99,2.9,1,4,4.49,7,4,83.06
5.84,97.83,7,90.44,4.66,2.78,7,7,2.12,4,10,100.0
0.78,53.45,12,39.26,6.34,3.7,4,2,1.04,2,10,52.3
9.74,52.85,5,98.43,5.45,2.5,1,4,3.97,2,8,84.72
9.86,64.11,17,70.78,4.09,1.36,4,5,3.26,8,4,100.0
6.98,63.09,1,99.68,6.16,0.85,7,4,5.59,7,5,89.16
5.36,62.35,7,93.81,4.54,3.1,5,4,7.23,7,2,80.22
3.1,95.31,10,45.51,5.54,3.59,2,9,6.44,5,4,67.29
8.14,62.48,0,33.93,4.56,2.85,7,2,2.2,10,7,77.52
6.85,63.6,5,47.89,4.61,3.69,8,6,7.03,8,3,77.86
1.63,87.97,15,66.93,5.19,0.71,4,8,6.67,2,1,78.24
9.11,72.49,19,42.01,10.0,4.41,1,8,7.43,2,8,88.84
8.23,88.84,11,41.72,4.01,2.91,1,7,3.67,5,8,81.98
9.5,53.27,10,62.38,7.83,0.63,6,10,6.15,1,6,91.74
7.26,74.38,9,32.33,4.85,2.31,0,4,4.73,6,7,68.87
6.13,51.68,2,38.53,9.52,4.22,1,7,2.48,4,10,69.91
4.18,53.13,12,59.11,4.56,4.49,3,10,7.96,6,2,64.8
9.33,95.32,2,34.42,9.73,1.32,0,6,0.31,7,5,75.43
8.66,56.96,14,57.77,7.67,3.56,3,6,1.3,3,7,82.79
0.45,76.62,15,63.18,4.01,0.5,4,2,7.14,8,9,75.97
0.26,70.55,12,61.59,9.36,0.17,8,8,0.48,7,1,78.89
3.76,67.37,16,90.84,7.13,2.8,0,8,7.09,1,3,83.16
8.11,94.99,2,67.1,5.58,3.47,4,7,5.72,6,6,89.92
9.87,51.09,19,62.76,8.6,3.98,1,9,0.29,7,7,100.0
1.5,83.19,10,58.75,9.56,1.7,8,8,3.43,4,6,89.47
5.94,98.17,20,87.23,6.9,0.03,5,9,6.04,2,1,100.0
3.81,78.01,18,92.65,5.89,2.4,1,9,4.66,10,4,100.0
9.7,96.84,10,89.73,8.73,0.08,2,6,7.49,9,6,100.0
8.42,52.61,15,77.15,8.09,0.46,7,2,6.94,7,8,100.0
8.38,70.94,20,39.62,9.33,1.63,0,7,2.66,1,10,86.86
4.69,63.01,2,49.38,8.16,2.19,2,3,0.68,8,4,70.27
4.15,86.54,5,33.22,5.46,1.4,0,7,7.55,3,7,58.02
2.73,99.06,13,95.16,9.59,2.91,7,9,4.14,4,3,96.27
0.56,62.83,17,76.26,4.63,0.28,0,10,0.6,5,8,73.45
8.65,82.71,16,82.25,5.61,0.72,4,10,6.53,1,1,100.0
8.13,59.9,3,51.81,7.12,3.48,3,2,6.95,6,4,74.5
10.0,78.27,14,89.2,7.39,0.71,6,6,5.12,10,8,100.0
9.97,73.2,10,48.17,4.09,3.2,4,6,3.58,6,10,93.69
5.55,98.6,2,30.12,8.68,0.27,7,9,5.3,2,4,65.63
7.69,80.43,2,56.35,6.17,2.04,0,9,5.65,10,2,85.4
9.45,67.48,15,69.95,6.44,0.89,4,5,7.14,6,2,96.97
8.5,55.7,4,63.51,8.86,0.55,3,5,7.65,8,4,89.7
2.47,57.56,20,90.35,6.28,2.84,2,9,4.11,6,4,91.74
4.51,61.27,9,37.38,4.28,4.64,4,8,6.39,4,2,66.97
1.29,62.55,18,68.77,5.06,0.27,2,7,7.72,4,7,76.45
9.54,92.53,3,65.91,9.74,2.11,7,8,1.21,9,6,100.0
6.06,78.06,18,49.7,4.42,3.54,2,6,0.15,6,3,92.49
2.29,76.17,10,87.56,6.13,2.31,0,3,6.95,8,8,82.32
6.72,55.74,1,82.7,7.02,4.03,8,7,1.56,8,8,97.28
6.18,93.01,9,81.3,6.96,0.9,8,8,0.34,7,1,100.0
3.58,86.14,10,91.33,4.02,4.8,5,8,1.28,3,3,89.12
1.14,53.38,19,80.59,7.01,1.93,0,1,3.07,10,5,89.41
6.72,85.39,15,46.23,6.3,1.71,7,7,1.75,1,2,90.77
5.2,77.18,18,79.39,9.83,4.37,1,3,2.44,5,5,91.76
7.72,54.09,10,51.54,4.95,2.82,8,2,7.8,10,10,93.43
5.2,72.92,13,46.95,6.12,2.58,7,2,5.64,10,3,78.84
8.52,74.23,1,35.11,6.52,3.63,2,8,5.7,2,9,71.71
5.52,58.29,4,82.08,6.34,2.9,4,9,0.76,10,1,84.35
5.61,97.28,4,79.77,7.99,0.81,8,3,5.86,2,4,92.05
8.77,92.5,18,46.41,5.29,3.37,0,3,5.91,7,10,97.25
4.03,83.45,20,82.46,5.33,0.67,8,6,5.28,3,6,100.0
1.34,73.11,11,94.25,8.38,4.03,3,10,1.83,8,9,99.19
0.29,70.59,17,37.56,7.0,4.95,3,1,3.38,9,3,63.23
7.55,82.55,3,46.28,6.49,1.89,3,6,6.77,8,3,78.61
6.2,77.27,16,82.52,5.02,2.22,8,3,5.36,6,5,100.0
7.04,53.11,9,49.22,5.13,0.23,5,4,5.86,5,7,74.47
2.13,75.63,19,73.73,4.06,0.07,7,9,4.7,3,5,89.68
1.36,90.32,5,35.68,4.55,4.61,3,3,3.6,3,8,58.37
0.15,72.96,13,61.65,7.34,0.64,2,1,6.07,7,5,70.2
3.51,52.6,10,81.74,9.35,2.23,0,3,0.54,5,7,81.33
5.9,89.31,10,78.06,5.72,4.08,6,7,5.39,6,6,90.36
3.92,60.07,17,87.06,5.97,4.45,3,7,7.98,6,10,87.15
4.37,62.93,17,91.42,4.69,2.6,7,5,6.24,9,2,92.58
9.04,58.24,10,84.12,6.33,2.83,2,1,2.32,1,3,86.88
3.48,66.51,20,77.01,4.22,3.35,0,8,2.22,8,4,89.19
5.14,87.84,11,32.22,9.51,4.81,4,10,5.34,10,5,75.7
7.84,75.97,4,67.45,8.04,3.01,1,8,7.17,5,9,98.32
3.97,60.24,8,32.64,9.94,2.8,2,10,4.62,6,6,59.19
6.22,93.89,8,86.56,9.3,0.07,5,10,4.22,6,1,100.0
8.62,93.98,9,52.45,6.84,0.4,2,10,1.28,1,3,93.11
9.5,93.53,18,69.37,7.12,2.89,2,2,5.72,3,7,100.0
1.47,61.94,0,49.56,5.14,4.68,5,10,5.62,6,8,65.25
9.27,72.56,6,84.78,6.77,4.33,4,3,7.74,9,7,96.39
4.92,99.25,3,92.06,9.42,4.91,8,4,2.4,6,5,100.0
2.58,88.6,0,57.9,4.31,2.64,0,1,6.05,6,10,53.74
4.59,51.36,14,90.4,9.18,3.94,2,4,3.47,1,8,90.7
9.8,53.26,7,48.7,6.05,4.2,2,5,4.47,9,9,88.42
4.93,73.2,11,67.43,9.4,3.24,5,3,6.53,4,7,77.11
3.29,95.46,17,90.11,9.65,1.69,7,10,1.78,2,9,100.0
6.33,76.94,14,52.81,8.03,2.35,2,2,2.74,1,1,84.41
2.4,74.89,16,96.78,7.99,4.29,2,6,6.19,3,9,86.57
0.76,55.27,13,38.53,6.72,1.49,5,8,4.56,3,3,58.64
1.29,82.84,13,31.28,9.01,4.62,7,7,0.74,5,6,71.48
1.28,91.11,17,93.29,9.77,1.15,5,1,3.44,1,8,88.04
1.52,69.02,19,34.81,8.65,3.75,2,4,4.69,7,3,64.26
1.39,88.78,17,99.43,7.73,3.15,3,3,7.28,1,4,82.59
6.41,98.22,15,96.6,7.64,3.75,0,6,1.51,4,7,100.0
1.82,60.19,0,39.59,9.1,2.19,7,9,6.45,6,7,60.98
3.46,76.17,10,67.63,7.25,4.66,3,9,1.04,1,4,75.32
8.97,64.36,14,42.94,8.82,3.16,5,7,1.94,7,9,100.0
4.74,89.64,11,59.97,7.05,1.44,2,9,1.95,10,3,96.51
6.68,78.88,7,34.3,4.37,3.19,5,8,7.02,7,8,73.5
1.72,81.73,19,45.67,6.3,1.43,8,5,1.59,3,8,80.38
1.92,89.9,5,55.43,6.67,1.47,8,9,6.3,4,4,81.77
0.41,69.8,2,60.71,4.85,2.0,2,7,3.69,6,7,63.88
1.69,95.75,12,98.42,4.61,4.26,2,5,7.99,7,4,90.66
2.79,76.65,12,86.55,7.21,2.5,3,8,6.71,4,1,84.13
1.77,57.9,1,81.62,4.51,3.39,6,7,5.92,10,1,71.28
0.89,84.79,4,67.59,5.82,1.96,2,9,6.97,9,1,70.96
1.21,89.66,16,88.8,8.47,1.32,7,10,5.07,9,2,99.28
4.61,65.84,5,53.75,9.79,4.77,7,1,6.75,9,6,82.45
2.06,92.86,1,79.62,8.31,3.02,5,9,2.09,10,10,91.31
3.64,95.31,3,99.56,9.96,4.67,3,7,0.78,6,5,94.72
5.03,63.85,10,52.02,8.19,1.02,4,1,4.93,2,2,72.27
6.9,99.18,7,77.18,5.76,0.73,1,1,3.48,2,8,88.01
0.39,57.04,11,89.1,8.03,4.28,5,5,3.41,4,9,78.88
7.99,60.1,7,94.11,8.21,3.4,2,8,4.21,9,7,100.0
6.28,59.21,10,80.26,6.23,0.93,5,9,2.89,3,9,93.85
0.82,94.7,19,49.85,4.11,1.35,4,6,5.01,6,4,77.92
8.74,82.71,7,52.84,8.22,4.0,1,10,0.24,2,7,86.78
9.21,57.61,7,31.45,4.13,2.27,4,8,7.76,1,5,66.95
0.61,72.02,16,83.26,7.79,3.35,4,6,7.4,5,5,81.13
2.77,80.76,19,32.99,4.98,1.59,8,6,7.48,8,3,86.1
8.06,54.17,19,90.53,7.39,1.91,7,4,2.92,10,9,100.0
7.48,94.12,15,38.31,7.02,4.95,6,5,4.26,10,10,94.69
1.85,90.18,13,42.03,4.08,1.24,2,2,7.63,2,5,60.33
2.09,75.26,10,63.36,6.18,2.53,3,3,7.22,10,6,74.94
3.7,98.36,6,81.65,7.61,4.22,5,3,6.32,9,3,82.53
4.85,70.89,15,39.73,9.09,1.2,2,5,3.26,8,10,87.53
6.18,99.21,12,60.8,9.33,2.08,8,5,4.51,3,7,98.02
3.69,83.4,14,63.8,6.9,3.08,7,6,6.34,1,9,96.36
4.63,81.73,15,44.86,8.37,2.41,5,5,2.18,4,9,85.3
7.47,58.3,20,38.09,5.9,2.3,3,6,5.01,8,10,88.96
0.37,94.1,8,88.55,6.05,1.81,6,8,6.62,3,10,82.08
2.52,71.37,2,65.17,5.17,2.93,2,2,5.66,10,5,66.95
7.13,58.11,18,31.01,7.37,3.12,7,4,3.84,2,7,84.45
8.95,50.63,19,86.21,5.89,3.27,0,6,4.68,7,3,100.0
5.12,77.99,4,98.66,4.51,0.35,2,5,7.91,4,6,100.0
5.32,76.37,9,72.41,8.11,3.16,4,1,4.82,6,8,81.89
1.07,85.97,16,65.26,8.25,4.77,4,9,6.28,5,8,85.66
4.47,94.51,14,91.49,6.16,2.7,1,3,5.81,2,2,84.45
5.33,53.97,7,96.68,4.46,3.58,7,2,5.61,10,6,95.65
2.42,86.57,14,82.82,6.56,2.78,4,9,5.73,2,7,95.78
2.69,59.37,20,61.18,6.65,4.27,6,7,3.64,9,7,95.36
3.77,92.91,13,71.46,8.01,4.65,6,5,3.79,10,3,91.01
0.2,90.95,19,79.07,5.89,0.92,4,6,3.74,2,9,91.19
3.22,77.04,6,43.6,8.1,2.18,7,4,0.27,8,2,64.72
2.11,85.51,20,61.3,9.23,1.96,8,1,1.93,8,3,80.93
3.27,65.72,11,88.09,5.42,2.03,3,4,1.24,1,2,75.89
1.2,73.56,16,75.83,9.87,0.63,3,9,7.09,1,9,85.97
8.91,91.08,16,58.78,6.32,4.07,7,1,2.2,4,4,100.0
5.94,72.96,9,76.44,5.6,0.18,0,10,1.11,2,2,93.19
6.79,67.89,18,38.28,6.53,2.64,3,3,0.96,1,3,77.61
7.89,74.71,13,58.1,4.57,3.31,5,5,5.6,9,4,94.79
4.98,91.41,10,85.52,4.75,1.04,3,7,0.05,3,10,100.0
0.87,66.76,1,45.44,6.49,4.53,5,9,3.77,1,6,52.16
5.37,58.69,17,43.02,8.57,4.19,4,6,0.95,2,5,80.2
5.87,85.6,6,96.56,9.4,2.36,8,3,6.8,8,3,100.0
7.45,91.3,11,44.69,7.99,2.06,8,7,7.67,5,10,92.7
4.32,55.03,1,48.26,4.63,1.18,3,4,7.67,7,8,65.65
1.28,61.99,19,97.87,8.03,3.65,3,3,3.54,6,8,100.0
2.84,57.1,17,81.43,7.81,0.66,7,7,5.16,1,7,93.05
3.63,67.4,5,78.97,8.83,3.4,3,7,4.8,6,3,74.9
6.46,72.52,9,89.7,8.95,4.21,1,4,2.8,7,1,100.0
5.71,87.44,19,38.11,9.21,1.14,1,7,3.55,4,5,90.23
3.56,82.56,14,79.42,6.48,4.33,0,2,0.51,8,1,87.63
9.87,81.05,4,65.26,8.19,0.17,4,1,6.37,8,6,95.81
6.06,67.62,19,88.04,5.61,4.56,5,2,1.93,7,7,100.0
2.37,92.07,2,65.57,10.0,0.59,8,4,3.68,2,5,77.09
1.02,73.56,4,73.42,5.05,3.23,4,8,3.84,6,4,71.46
1.53,98.96,7,63.44,4.06,1.25,5,3,4.49,6,2,73.55
2.46,81.71,7,63.47,4.89,4.18,5,10,6.54,7,5,84.29
1.61,56.31,7,83.76,8.66,2.56,2,6,5.54,6,9,81.32
1.87,83.81,11,74.0,6.68,0.68,3,6,5.3,2,4,75.63
2.85,66.26,7,74.33,6.69,2.85,0,9,4.21,8,2,68.33
1.73,84.32,10,61.52,9.73,2.04,3,9,0.77,4,6,80.87
8.97,53.48,13,67.18,9.52,3.31,0,4,3.22,9,8,93.79
0.8,58.74,7,82.2,5.87,4.41,4,9,7.66,8,2,70.26
5.25,92.79,9,87.82,5.25,2.05,7,6,7.96,3,9,97.46
4.1,61.36,6,78.76,9.09,1.45,7,2,5.84,3,7,75.04
9.82,91.85,16,94.69,9.44,0.07,4,10,1.82,8,2,100.0
1.12,63.96,3,87.42,7.25,2.87,1,6,0.82,2,5,68.57
3.98,82.14,12,69.33,7.78,2.01,5,2,3.32,9,5,91.68
9.69,84.71,3,77.0,5.54,1.87,0,8,6.85,4,7,93.45
8.66,75.63,4,94.84,8.8,0.91,6,4,5.77,6,5,100.0
8.17,65.27,3,73.34,7.79,2.15,3,5,7.07,3,6,80.04
2.58,60.63,17,87.74,7.02,4.92,4,8,4.93,3,9,90.93
1.71,51.66,5,78.22,4.36,1.49,5,8,1.04,3,3,75.17
6.69,65.2,1,68.64,9.5,3.0,0,6,0.92,10,3,82.32
9.29,82.66,10,46.93,7.69,3.88,8,4,0.38,2,8,100.0
5.57,96.92,13,59.82,5.16,3.75,3,1,4.54,8,10,94.44
5.72,93.56,4,97.74,7.64,1.64,7,7,1.94,9,6,100.0
2.8,88.3,5,76.04,8.06,3.05,4,8,5.88,8,10,94.35
7.69,89.42,9,69.51,7.15,4.36,7,9,5.49,10,3,100.0
1.87,83.25,7,95.31,8.31,0.08,0,2,2.54,3,2,81.55
3.24,63.01,13,71.06,7.49,2.18,7,1,1.41,7,2,85.48
4.25,95.36,2,66.83,9.69,1.12,3,4,0.82,10,2,84.95
5.08,83.54,11,83.15,4.32,1.94,1,5,5.9,2,5,91.78
2.42,78.02,15,79.89,4.64,2.08,5,10,3.6,4,5,87.1
1.15,55.55,16,43.52,5.04,3.73,1,1,2.59,6,1,46.55
6.11,72.35,0,62.99,8.14,0.47,4,5,6.85,5,2,78.92
2.89,73.02,9,63.08,7.87,2.56,1,6,4.75,9,2,78.2
5.81,93.23,9,56.48,9.35,2.82,2,3,4.14,10,4,96.77
1.54,77.33,20,66.21,8.4,2.47,5,7,5.95,4,7,82.69
4.81,69.02,1,58.92,7.05,3.66,0,6,6.52,5,3,63.62
5.33,98.84,8,43.95,9.95,1.92,5,4,5.49,4,5,80.37
0.52,55.54,12,58.87,5.6,4.72,2,3,3.52,8,9,73.03
3.37,71.13,15,35.06,9.0,2.41,6,5,3.03,8,5,83.66
1.34,52.1,17,70.31,6.56,2.86,1,3,6.17,3,9,71.77
0.63,87.0,18,89.76,7.89,4.13,5,10,4.14,1,1,87.85
9.9,95.9,11,80.77,8.36,1.38,7,9,5.64,6,9,100.0
3.22,64.0,7,55.23,7.8,0.38,0,9,7.12,2,5,68.36
8.1,92.92,16,36.09,4.84,3.54,8,6,7.33,2,8,96.71
2.55,64.61,14,44.15,6.66,2.42,4,6,2.22,3,5,81.22
6.82,95.54,9,68.18,7.37,4.48,4,4,1.5,8,6,100.0
7.6,87.7,14,44.49,9.09,4.91,4,4,2.09,3,8,94.48
5.96,90.25,14,68.08,6.66,2.0,5,2,6.01,7,2,95.86
4.72,50.9,6,46.21,9.51,2.08,1,10,2.96,10,3,70.92
4.12,98.14,12,89.42,6.64,2.04,5,4,1.39,10,9,100.0
3.49,86.33,16,57.81,7.29,1.62,3,8,0.79,9,5,93.64
9.3,65.24,8,47.19,8.78,3.91,7,10,2.62,8,5,96.6
8.31,91.47,7,86.86,7.5,3.79,8,2,1.09,1,9,100.0
9.65,64.08,19,54.0,9.76,2.39,8,9,1.25,7,10,100.0
1.24,93.64,20,37.8,7.96,0.22,7,1,5.47,7,3,77.53
7.31,55.63,17,69.93,7.14,1.55,2,2,0.16,8,4,96.01
9.38,85.18,12,70.71,4.14,1.46,3,2,0.94,10,7,100.0
1.81,77.03,15,80.03,6.48,4.06,0,6,6.75,5,2,76.12
0.66,54.83,8,46.82,5.8,0.44,8,7,6.76,10,8,74.62
7.41,62.09,11,61.06,8.49,4.03,4,3,2.63,9,5,92.29
5.74,50.62,11,49.77,5.25,3.35,5,9,0.7,9,1,79.04
8.42,73.44,5,35.67,5.23,3.66,2,5,5.64,8,3,72.46
1.4,65.06,18,91.36,5.14,2.16,7,5,2.88,6,9,95.83
7.95,79.92,6,81.02,4.75,3.4,6,4,0.36,6,5,94.77
2.02,64.86,2,51.1,5.87,3.05,0,9,1.26,1,8,53.13
1.64,65.0,15,71.96,9.32,3.84,4,8,1.1,6,1,77.61
1.64,87.16,17,44.09,8.65,2.23,8,4,4.71,4,7,82.73
8.15,52.41,15,92.32,8.41,2.36,5,4,7.18,4,7,100.0
6.65,95.14,6,38.04,8.78,3.22,7,2,6.34,2,8,81.77
5.23,92.61,3,30.27,5.62,0.54,0,9,4.37,4,3,70.4
3.59,83.39,7,65.14,9.32,2.18,6,3,3.38,5,1,78.68
8.77,79.66,12,70.82,4.82,4.86,2,4,4.95,5,9,97.94
3.92,94.62,12,70.53,6.02,0.19,8,7,3.55,5,1,100.0
8.17,59.27,16,33.82,7.52,1.58,5,10,1.97,4,6,93.47
4.39,53.95,16,51.98,4.62,1.57,4,8,5.43,1,9,80.99
3.77,61.98,4,64.94,8.38,3.17,7,8,6.99,10,2,79.22
4.63,89.73,5,45.16,6.32,0.53,7,4,2.98,8,4,81.87
3.01,51.73,18,91.08,8.71,3.14,2,7,6.73,3,2,84.67
7.48,79.14,12,36.1,6.96,0.48,1,10,3.45,2,4,77.29
5.03,99.77,13,64.12,5.09,0.47,1,1,3.21,9,2,77.71
2.32,92.78,3,78.4,8.41,3.64,4,6,0.23,7,1,83.79
9.0,76.07,6,48.32,5.51,1.62,6,6,5.56,9,3,96.11
3.84,53.18,7,73.7,6.94,4.89,7,6,6.46,2,8,76.3
5.44,91.57,12,88.06,4.45,0.19,7,2,5.31,9,5,100.0
9.06,79.95,5,43.32,7.71,2.23,7,8,1.21,10,4,95.99
6.24,55.75,5,94.21,8.0,0.57,2,5,0.83,9,5,84.3
1.17,54.69,20,68.75,6.27,1.76,1,5,4.58,9,6,79.21
9.4,95.48,2,50.95,9.73,4.99,3,2,3.21,10,6,88.98
6.28,83.46,2,60.16,9.25,4.44,0,4,3.43,10,5,79.67
3.35,91.46,12,51.85,8.25,0.24,2,9,7.74,4,6,74.85
1.39,93.95,1,80.76,8.28,2.82,8,9,5.79,10,9,86.39
7.94,78.59,15,85.74,5.51,3.24,6,6,3.29,3,5,99.43
6.2,75.87,5,88.31,7.94,1.05,6,9,0.15,6,6,100.0
5.33,71.52,7,99.0,5.19,0.73,0,4,0.27,3,4,83.79
8.94,65.85,7,85.39,4.86,4.52,6,1,5.48,9,3,91.91
7.89,71.73,5,72.1,10.0,4.84,6,2,6.7,3,6,90.94
1.52,88.69,13,53.75,7.73,4.96,3,1,5.66,2,5,68.01
3.12,80.1,2,68.12,6.59,3.95,6,8,3.25,8,4,69.13
2.48,94.63,9,32.87,5.73,3.32,7,9,0.25,6,5,82.97
7.44,72.17,2,82.14,7.62,1.73,2,10,7.74,8,7,94.99
0.34,80.35,11,61.22,4.3,0.86,1,6,7.89,7,1,69.71
5.7,81.57,16,31.4,4.57,0.39,6,2,4.39,3,1,73.71
7.62,79.58,4,34.38,4.2,3.47,4,6,0.57,8,1,85.53
8.77,85.13,19,57.12,7.0,3.92,4,9,4.33,10,2,100.0
3.42,61.87,8,70.84,7.6,4.13,4,3,7.14,1,9,58.2
8.21,75.62,20,62.49,4.37,4.57,6,9,5.44,1,5,93.59
1.11,55.21,19,73.34,8.33,4.4,8,2,5.76,10,9,92.95
8.46,69.23,6,63.62,5.38,5.0,7,5,0.68,8,5,95.95
1.27,74.38,3,76.32,8.11,1.22,5,2,0.85,9,7,79.1
3.97,82.61,12,45.34,9.89,3.82,6,7,1.02,10,6,86.7
7.97,97.53,12,37.9,8.15,2.93,8,10,7.24,6,2,96.15
1.5,80.03,9,71.75,9.3,1.31,5,9,4.21,5,3,81.0
2.29,87.18,17,63.93,9.69,4.91,0,7,6.33,2,5,77.94
7.22,75.31,16,31.88,6.92,4.49,3,5,0.92,9,4,90.89
7.2,81.71,19,56.63,8.21,0.64,7,4,7.42,6,6,100.0
6.41,53.55,19,37.43,9.11,0.13,6,4,6.57,8,8,88.6
6.94,62.72,12,67.19,6.14,3.44,2,10,1.8,9,8,93.12
5.43,68.09,16,57.7,5.57,3.02,2,8,6.99,9,3,94.16
2.52,73.62,3,72.92,9.68,4.68,2,10,2.11,8,4,89.27
3.46,52.28,0,86.39,8.36,1.17,0,10,1.64,10,1,86.24
1.82,57.0,0,50.98,5.32,0.42,0,10,2.11,8,2,61.65
9.08,63.84,14,97.35,6.69,1.3,5,10,7.28,3,9,100.0
5.83,98.58,12,67.49,8.78,0.09,0,10,7.32,3,10,86.88
4.01,66.57,16,73.28,7.28,0.18,4,1,2.63,2,10,83.86
4.62,74.1,7,77.65,7.9,4.57,3,5,5.64,1,2,74.46
9.47,59.8,17,76.67,8.52,1.76,4,2,5.41,4,6,100.0
1.53,80.54,12,65.77,7.73,2.05,6,9,6.45,2,7,80.9
5.86,64.03,13,60.01,7.24,0.09,5,7,2.37,2,6,79.08
5.06,60.35,7,33.76,8.5,1.35,8,10,4.08,5,8,86.63
6.11,75.83,7,31.55,8.37,4.02,5,8,5.34,4,9,85.18
0.18,50.28,14,55.06,7.78,3.08,8,6,0.21,1,8,62.42
8.72,50.38,12,53.36,6.16,3.77,3,9,3.01,9,5,83.16
9.32,60.95,6,57.14,6.43,2.24,0,6,5.57,4,8,82.26
5.65,51.84,4,39.69,9.82,1.55,0,7,2.02,5,10,76.24
6.97,55.4,16,81.67,4.67,2.41,6,7,7.66,7,10,100.0
9.22,66.94,15,89.99,5.61,1.62,2,9,0.24,2,9,100.0
7.07,90.13,1,95.71,6.95,4.19,1,8,7.66,8,8,96.69
1.53,78.6,17,64.47,9.02,1.49,5,1,1.73,2,2,76.88
5.76,75.63,16,79.06,4.98,3.3,5,4,0.39,10,2,100.0
6.07,64.67,6,89.89,5.66,0.68,6,7,2.34,5,3,94.44
4.24,96.59,12,59.28,4.39,3.43,4,8,6.29,2,7,86.76
7.36,69.85,17,51.66,8.24,4.57,7,7,6.02,2,9,85.64
9.34,54.35,13,95.57,5.43,3.04,6,3,1.67,4,8,100.0
9.26,80.85,17,66.1,6.33,2.8,1,4,1.57,4,9,94.51
4.51,55.69,12,64.81,6.66,4.81,0,7,5.14,8,6,80.42
1.13,67.26,10,42.49,9.35,3.14,8,8,3.66,6,1,68.62
9.85,75.37,20,37.57,6.47,1.3,4,7,6.34,10,4,100.0
8.39,93.71,20,88.95,4.87,1.46,4,6,0.19,8,6,100.0
1.25,74.68,15,72.99,7.15,3.53,3,9,4.88,7,6,81.62
9.21,85.11,16,52.81,9.78,3.68,1,9,5.85,10,8,100.0
8.7,99.64,7,43.42,7.65,1.52,4,7,7.95,4,1,80.34
5.19,56.57,18,68.88,9.9,1.73,1,8,5.43,2,2,88.03
5.91,63.74,19,70.87,9.05,4.96,6,6,1.85,9,2,100.0
3.99,69.73,14,44.49,4.22,0.51,8,1,0.87,2,6,78.76
0.55,71.09,8,89.6,7.95,2.02,8,1,5.13,1,7,79.73
3.35,70.55,19,35.9,5.72,0.31,5,6,4.19,8,2,89.55
8.03,95.38,9,54.93,7.36,4.11,0,2,7.19,10,5,100.0
0.05,85.7,11,77.63,5.68,0.46,5,8,5.81,9,6,88.17
3.33,80.4,20,49.19,6.09,3.37,4,1,4.08,1,4,75.3
3.98,65.47,19,87.94,9.54,0.28,3,2,3.23,7,1,91.33
5.37,91.19,0,81.79,5.24,3.36,5,8,3.23,2,3,86.47
9.2,97.75,19,85.23,9.24,4.22,5,6,1.81,6,10,100.0
3.46,91.06,8,38.34,4.18,1.99,5,10,0.14,5,9,77.27
3.47,50.08,14,39.84,4.55,2.61,1,2,4.6,1,6,60.36
7.38,81.82,0,50.05,9.13,2.01,6,2,1.7,2,2,79.7
4.52,52.56,11,66.27,7.78,1.5,3,7,1.67,2,9,74.52
2.25,62.88,2,82.36,8.48,4.02,8,5,1.0,10,4,85.08
4.52,52.98,10,88.56,5.26,1.36,1,5,1.52,10,8,91.42
1.41,80.19,1,79.3,7.22,3.61,4,8,0.25,6,10,81.19
1.76,84.33,15,95.0,8.42,1.03,3,7,5.39,1,7,85.04
4.98,55.72,8,81.71,7.76,1.25,8,9,3.21,4,3,79.79
4.19,69.19,14,51.44,6.83,1.68,3,4,4.49,10,8,82.54
9.15,72.81,11,48.56,9.76,2.95,7,10,5.1,5,4,92.77
3.62,68.45,0,78.73,8.06,2.27,7,4,7.78,2,2,71.31
5.81,56.05,12,43.5,9.45,3.73,5,2,0.55,2,5,75.56
6.32,70.95,13,36.49,8.38,1.07,5,3,3.34,7,1,81.9
0.13,87.56,7,67.26,8.41,0.05,7,1,1.97,7,8,73.05
6.64,53.55,7,87.51,4.48,3.88,8,1,3.81,6,8,86.24
1.78,54.01,11,37.1,6.16,4.11,4,7,7.36,1,3,49.66
9.61,67.74,0,85.43,9.15,0.3,0,5,5.79,3,1,84.53
1.49,97.09,10,86.81,5.4,3.05,0,3,5.3,9,4,82.52
4.15,83.43,7,63.76,4.69,1.89,1,7,3.53,10,9,89.14
0.85,83.93,9,34.01,5.96,3.97,4,2,5.37,1,9,61.85
9.97,68.1,18,42.22,5.32,4.37,3,3,0.26,2,1,81.04
5.02,79.68,10,79.52,9.55,4.26,0,1,4.69,8,7,84.38
5.95,50.51,6,79.82,9.21,3.89,3,8,4.43,7,6,87.86
0.67,81.8,10,92.88,7.0,1.35,3,2,2.77,9,7,87.7
7.5,95.66,16,70.79,4.37,4.06,3,7,1.61,10,7,100.0
2.1,80.63,0,38.69,8.29,2.67,0,9,6.46,4,8,58.19
8.98,93.68,20,38.5,7.74,0.26,8,6,0.43,4,8,100.0
2.05,86.2,20,80.48,9.82,2.28,2,2,0.56,7,10,90.92
1.91,56.03,7,42.86,7.35,4.71,3,2,3.52,1,2,53.22
0.37,95.12,5,52.99,6.02,4.44,4,9,2.02,10,4,76.59
4.72,53.32,17,64.1,7.11,0.51,6,10,5.96,9,4,86.85
5.65,76.7,5,31.73,9.88,3.72,5,8,5.07,2,10,63.87
0.66,57.11,4,47.42,8.18,4.03,4,9,6.18,1,8,49.3
7.76,50.59,12,58.55,8.03,1.36,7,4,2.6,7,3,96.69
4.53,71.1,18,49.57,5.44,2.36,0,4,5.92,6,3,81.84
5.24,64.75,7,39.55,8.46,3.55,6,2,6.9,3,2,64.06
4.41,74.3,8,80.96,8.5,2.2,5,10,2.76,1,1,82.09
4.01,78.86,16,86.92,5.9,0.56,4,1,2.72,5,8,91.44
5.6,52.19,2,48.02,6.9,3.53,6,10,7.2,10,9,79.33
1.55,56.15,18,84.21,5.77,4.56,2,4,0.4,4,9,80.52
1.82,77.93,10,56.99,5.55,3.26,0,10,2.8,5,8,82.6
8.62,67.16,16,65.47,4.16,3.87,8,10,0.95,1,5,93.63
9.46,86.46,20,89.92,5.71,1.79,1,8,0.23,1,1,100.0
3.73,82.61,18,82.5,7.32,0.92,2,2,0.9,5,9,100.0
2.71,92.28,1,86.36,4.01,3.21,7,8,3.45,6,6,90.95
6.44,84.62,7,39.58,5.7,1.64,8,1,5.5,5,7,75.33
4.09,71.5,18,34.88,9.29,4.3,2,1,2.31,2,8,64.62
0.25,83.65,6,92.54,7.56,0.61,5,4,6.8,9,5,85.67
1.56,63.77,16,57.15,7.65,2.17,6,7,3.5,5,6,80.24
7.16,65.32,5,50.15,6.42,1.98,0,9,7.75,5,7,82.18
6.59,89.45,18,80.73,8.06,4.69,6,5,7.63,10,7,100.0
0.27,72.32,5,88.55,5.14,0.77,3,2,6.19,9,2,69.59
2.22,89.92,1,90.37,8.91,0.05,4,7,7.46,3,1,74.06
2.31,91.12,5,52.12,4.7,1.19,7,2,5.66,5,8,66.97
6.72,92.88,4,89.65,7.94,4.1,3,9,7.16,5,5,97.3
0.2,95.83,18,32.87,6.05,1.05,3,9,1.89,2,10,67.66
1.04,71.55,19,33.48,8.49,1.2,7,3,2.76,4,2,74.0
8.0,65.94,3,73.65,7.3,0.65,4,8,6.02,2,3,86.42
1.79,79.11,16,34.42,6.71,3.58,5,4,3.4,5,6,74.52
6.53,68.56,10,52.72,5.02,0.35,4,3,6.7,10,10,83.29
2.38,80.05,3,77.09,7.82,1.66,0,1,7.02,2,6,64.23
0.99,85.28,12,53.61,9.85,1.41,6,5,2.4,10,8,85.35
2.43,84.42,19,42.57,8.95,2.78,5,4,6.59,9,5,85.39
7.22,68.73,16,49.69,4.36,3.65,1,1,1.23,10,5,91.17
8.56,58.34,8,62.03,6.26,2.66,6,10,2.67,6,7,93.25
8.3,71.53,3,63.28,9.55,4.66,5,8,4.14,8,10,94.89
3.97,57.13,13,84.81,7.02,4.76,4,8,1.81,9,5,97.28
6.68,94.5,18,82.51,7.97,1.81,7,8,4.63,8,9,100.0
2.05,67.29,2,61.98,9.48,3.89,4,3,4.63,5,6,61.94
2.93,57.72,13,89.2,9.24,3.69,1,6,1.66,5,7,86.22
8.96,51.27,7,38.0,7.01,4.46,5,7,6.37,6,8,85.84
0.13,82.29,0,47.87,6.63,2.24,0,9,5.05,1,5,45.0
0.86,81.85,9,87.96,6.04,2.65,4,5,2.54,8,4,93.5
2.08,67.03,17,56.46,8.31,2.08,5,9,1.86,2,8,74.91
0.27,53.59,15,98.68,5.72,4.25,6,6,7.03,6,10,94.76
1.81,70.48,7,62.64,5.5,1.15,1,10,6.69,9,9,83.4
5.83,65.56,0,85.44,6.14,1.2,0,10,1.84,3,1,69.45
4.21,83.86,11,58.16,5.06,1.86,5,10,0.28,2,3,74.5
8.93,80.29,7,59.75,8.17,1.15,2,4,6.44,10,4,98.31
8.17,68.23,15,56.8,7.7,2.81,4,1,4.92,5,7,89.66
3.42,60.89,17,80.34,6.9,0.67,1,1,0.81,9,6,84.95
2.59,99.4,3,68.33,6.34,1.6,0,10,4.7,6,10,91.39
3.8,72.7,5,96.06,9.45,4.57,0,5,3.62,8,10,84.9
5.9,84.41,11,47.56,4.17,2.05,3,3,6.2,8,1,75.72
2.68,57.03,8,37.04,8.61,3.74,1,5,1.67,7,4,58.62
6.24,74.28,14,57.53,9.41,0.57,0,5,3.63,5,6,73.18
4.09,51.38,15,73.17,6.68,1.24,5,1,1.25,2,3,77.95
5.52,75.27,11,90.26,7.3,4.04,3,8,7.66,10,2,93.64
4.36,98.2,13,54.23,9.67,3.81,6,5,6.23,10,2,97.35
2.94,69.21,12,75.77,5.27,1.93,5,5,5.89,5,10,90.51
9.48,51.95,1,54.51,7.12,4.77,4,9,5.52,7,4,83.27
7.64,51.55,2,73.21,6.85,4.55,1,8,3.39,7,1,80.11
1.4,69.4,9,91.94,5.55,4.81,4,1,7.39,2,10,75.78
8.68,58.0,8,46.2,8.91,2.14,8,3,0.58,7,2,84.47
4.87,51.17,19,58.3,9.4,0.99,8,7,6.43,6,10,92.39
8.95,87.81,7,99.53,8.69,3.13,1,1,1.72,7,2,100.0
8.0,72.93,9,90.8,5.17,3.42,6,1,2.59,8,4,100.0
4.25,64.46,18,69.52,4.52,0.63,3,5,4.16,4,4,85.16
0.22,95.0,2,66.16,7.63,3.93,2,9,6.26,1,1,62.8
2.69,55.81,4,49.92,4.34,0.09,0,6,6.71,8,7,61.66
5.42,97.8,2,66.2,8.04,2.41,2,10,4.67,8,7,92.25
6.33,65.7,15,89.37,7.18,1.66,8,2,3.22,3,10,100.0
2.58,94.42,16,77.96,7.98,3.7,8,9,7.57,3,10,88.67
1.39,80.15,14,50.3,7.54,1.56,6,6,1.97,5,10,86.88
8.35,91.34,2,44.1,6.54,4.13,2,5,6.42,3,1,77.08
9.84,99.2,11,48.56,5.21,2.97,2,5,4.9,5,8,93.43
5.26,64.42,8,41.88,5.83,3.97,3,3,3.02,8,10,83.11
1.72,98.06,20,36.69,7.15,4.95,6,6,0.01,1,7,69.09
2.72,69.47,11,59.34,7.91,3.4,6,4,3.57,2,7,76.62
0.18,69.28,14,37.93,8.68,4.92,1,10,2.21,2,6,61.53
9.14,67.02,1,42.03,8.6,0.14,4,2,0.83,4,4,75.3
1.18,77.07,17,68.31,9.84,1.69,6,3,0.6,9,8,93.6
5.77,57.71,19,41.52,5.72,0.54,6,9,2.78,2,2,84.06
2.74,77.69,11,34.47,4.43,1.31,5,9,4.92,9,7,68.81
5.54,77.09,3,52.22,6.07,4.19,7,6,6.7,7,3,82.78
6.51,88.1,15,45.42,8.46,0.16,2,10,1.47,10,3,96.48
8.3,91.68,15,66.07,6.63,2.6,0,10,3.4,8,7,100.0
2.06,72.02,0,37.17,8.91,2.84,2,9,3.14,1,3,54.84
0.11,65.12,1,82.62,7.3,2.81,1,4,4.11,5,5,59.85
1.37,62.97,2,93.44,9.58,2.38,1,5,6.48,9,8,77.94
9.0,59.73,20,82.04,9.69,3.95,1,10,4.43,4,4,100.0
8.74,52.88,19,67.3,4.42,0.67,4,6,6.77,2,7,100.0
5.97,67.12,16,90.25,6.74,1.55,0,9,4.15,6,7,94.83
6.01,63.51,19,78.64,7.66,3.08,3,5,4.83,2,2,87.09
6.65,98.32,20,30.74,5.54,3.45,4,8,3.5,3,8,84.54
1.75,77.89,0,57.59,6.44,2.02,1,1,6.58,8,10,65.11
9.14,67.36,19,89.57,8.07,4.38,4,5,7.39,3,10,100.0
4.19,79.02,5,54.21,5.36,2.08,3,10,5.11,2,9,72.38
3.83,56.96,14,32.47,7.61,2.01,7,1,6.57,6,6,77.83
5.19,72.2,13,82.23,8.18,0.18,0,10,0.47,3,5,88.45
0.47,81.31,19,86.14,4.54,2.76,4,6,7.25,1,1,76.79
1.66,74.44,14,41.24,6.99,3.54,0,7,1.51,3,1,59.62
7.38,70.09,13,67.61,5.58,0.57,3,5,2.05,6,9,95.47
0.83,99.69,20,43.44,8.35,1.53,7,1,0.43,3,4,93.99
6.03,94.02,4,80.35,5.14,3.91,0,6,7.72,9,1,77.8
2.45,81.17,5,49.01,9.35,1.83,1,10,6.82,7,10,78.69
3.89,78.47,16,52.14,6.59,1.21,0,5,7.31,5,3,87.51
2.89,81.03,10,89.15,5.19,3.36,6,6,6.78,2,6,90.53
3.56,60.07,15,63.34,6.63,0.98,1,10,3.84,9,8,88.76
7.19,69.76,11,76.88,6.45,4.48,0,7,7.39,5,10,86.3
2.97,51.97,14,58.17,6.57,0.53,5,7,7.76,7,2,81.74
5.66,73.78,3,50.86,7.51,3.53,5,2,4.02,9,8,85.56
4.76,77.15,17,73.78,7.13,2.5,1,3,1.4,4,1,77.87
6.64,61.39,20,40.84,4.9,4.35,0,6,5.27,9,2,80.7
9.37,98.2,2,56.11,4.39,0.63,2,3,7.8,1,8,76.68
7.33,95.47,7,44.63,8.38,3.39,4,2,6.98,6,7,71.4
2.15,86.11,2,78.71,7.36,2.86,5,4,6.89,2,5,65.48
0.31,76.67,7,96.09,6.15,2.4,2,5,7.47,8,10,83.59
2.62,93.5,17,99.69,8.85,2.46,8,10,7.15,5,2,100.0
5.95,56.53,9,61.52,6.33,3.61,4,9,6.21,3,9,79.86
0.51,89.53,19,47.68,8.78,4.69,1,3,5.75,2,5,74.79
4.96,56.24,16,61.0,5.83,0.46,5,3,2.12,8,8,95.5
5.97,89.71,7,89.31,4.44,0.1,7,6,4.97,7,4,100.0
3.34,63.79,10,44.42,9.6,4.03,5,5,4.17,9,9,78.55
7.71,93.85,4,96.65,6.37,0.54,3,6,6.9,8,10,100.0
1.07,97.2,12,53.93,8.76,4.93,5,7,3.93,4,7,79.4
0.75,57.44,20,99.01,5.67,3.1,7,3,1.02,2,2,77.64
7.28,73.13,4,88.7,7.88,3.25,7,5,0.04,2,3,91.44
4.95,99.05,12,86.6,9.24,0.99,1,8,5.42,2,2,96.4
6.88,74.17,5,52.25,4.25,1.2,7,4,4.4,6,5,89.34
4.35,93.18,4,30.61,8.98,3.3,5,10,2.65,7,2,80.53
2.46,79.44,8,56.75,7.43,4.55,1,2,1.35,6,5,71.75
8.19,68.77,15,51.13,7.64,4.91,0,4,3.73,2,9,92.16
7.99,64.29,1,32.62,7.14,0.99,5,2,0.8,4,2,70.07
6.95,60.16,0,65.38,9.25,0.67,6,3,2.69,3,9,80.68
2.72,88.09,7,58.21,4.26,0.28,4,4,3.03,4,7,82.63
5.9,69.33,18,74.42,5.57,4.34,7,4,3.72,5,7,100.0
3.61,75.56,10,73.48,9.25,1.47,8,10,3.73,7,5,100.0
0.92,74.62,11,38.45,8.51,0.01,3,9,2.06,9,8,70.42
9.17,78.86,11,98.39,4.11,1.12,6,10,6.8,2,7,100.0
1.37,93.28,6,43.09,7.1,1.7,7,6,2.84,8,6,72.81
9.5,99.04,12,61.17,7.18,4.95,5,9,1.84,3,2,100.0
4.46,70.38,7,64.17,6.41,2.62,1,4,1.41,9,6,90.46
1.85,91.38,8,86.91,5.78,1.02,6,9,2.58,10,2,89.22
5.42,88.23,6,36.95,8.09,1.67,8,9,0.54,4,1,85.11
8.73,78.68,20,60.01,5.25,1.65,4,6,0.26,3,9,99.16
7.32,97.8,14,74.0,8.79,0.1,1,5,4.84,10,5,100.0
8.07,60.02,1,45.06,8.82,0.68,3,3,4.95,6,10,70.03
6.59,55.46,19,73.92,6.49,3.48,2,5,4.24,10,10,100.0
6.92,92.7,11,94.66,5.7,0.6,3,3,6.1,9,4,100.0
8.49,71.96,0,99.83,5.7,1.15,6,5,0.31,7,8,100.0
2.5,92.35,7,32.27,6.89,1.75,7,5,7.49,4,5,63.38
4.89,94.65,4,46.49,8.32,3.79,0,2,0.76,3,7,65.94
2.21,53.12,14,51.72,6.15,2.91,7,9,5.39,10,3,85.76
9.88,94.17,0,57.94,7.66,3.44,4,7,1.07,4,8,100.0
9.44,72.42,0,46.96,6.29,2.84,6,6,7.04,3,8,86.36
0.39,75.52,9,44.24,5.83,3.42,0,5,4.09,3,3,59.22
7.06,81.33,9,96.82,4.15,0.01,1,4,0.66,9,9,99.36
9.25,96.32,20,94.3,4.02,4.65,0,8,4.93,4,8,100.0
1.81,50.96,14,33.29,5.36,0.55,4,2,0.07,9,1,59.96
5.68,73.84,16,53.72,6.44,2.03,5,8,6.21,10,8,95.61
9.15,84.39,5,58.36,9.11,3.86,8,1,5.2,5,4,89.23
0.34,86.14,2,46.73,8.79,2.18,7,10,1.7,7,6,74.18
6.97,84.63,12,74.02,5.6,4.73,6,1,3.0,5,10,100.0
2.97,56.72,15,74.83,5.47,2.34,4,3,0.06,1,9,78.03
9.24,64.97,7,89.54,5.36,4.37,2,5,5.55,2,5,86.67
9.71,67.94,14,81.86,6.04,4.05,8,6,2.58,5,7,100.0
9.44,90.22,16,67.98,6.99,4.9,4,4,4.57,6,1,100.0
4.74,63.94,16,75.75,6.63,4.63,2,7,7.65,7,9,92.41
8.62,60.54,12,49.18,5.31,4.49,2,7,2.4,2,6,80.31
8.45,97.87,16,71.51,4.78,3.66,2,2,7.92,10,4,100.0
3.19,50.44,5,64.25,4.08,1.83,5,2,5.06,9,6,66.05
8.29,99.89,16,39.33,4.92,0.53,0,2,1.94,6,5,94.95
0.37,83.84,15,46.98,8.23,3.44,3,2,3.49,2,3,63.29
5.96,91.42,13,50.42,5.46,4.89,7,9,5.92,2,7,85.63
2.3,64.73,12,94.7,6.81,3.63,2,5,3.57,3,3,82.07
1.21,50.72,5,46.13,7.55,4.64,4,8,0.55,1,2,48.19
0.77,86.89,2,50.25,9.32,4.02,1,5,1.35,9,4,62.47
6.96,91.71,13,55.85,9.33,0.82,1,5,6.33,10,7,92.96
3.4,87.02,13,76.46,8.47,1.25,6,1,5.19,4,5,79.71
7.25,57.14,14,38.28,4.21,1.71,2,6,4.56,5,9,82.92
0.65,87.67,7,96.78,7.45,0.84,4,4,1.34,7,10,97.5
3.15,88.45,14,90.59,8.72,2.91,2,3,6.7,1,7,84.9
5.39,82.93,12,70.41,4.1,4.88,5,6,7.69,3,9,84.74
7.91,88.31,16,77.18,7.3,3.81,2,2,0.33,3,9,93.97
3.19,92.3,20,31.17,9.15,2.12,7,8,0.62,2,2,71.88
6.26,80.68,2,53.73,6.84,0.02,1,1,7.08,8,1,75.49
8.86,54.43,5,85.7,4.02,1.57,2,9,6.52,5,4,79.76
6.16,74.38,4,35.42,4.07,2.63,7,8,4.94,1,4,62.84
2.33,53.88,16,49.76,6.5,1.62,7,1,7.56,2,2,65.3
0.24,70.38,1,70.97,4.93,0.56,0,10,5.17,1,3,55.3
8.7,70.36,14,47.95,7.99,2.21,7,9,1.73,6,3,100.0
0.21,53.3,4,95.38,8.25,1.27,1,2,5.83,9,5,70.66
8.75,67.44,19,39.17,5.07,4.55,6,3,5.17,7,1,87.62
5.29,55.55,5,85.82,9.33,0.51,5,2,7.89,5,9,79.6
9.39,90.41,5,65.56,6.65,0.25,1,8,1.71,3,8,93.2
7.99,97.38,17,82.52,4.86,0.03,4,2,4.78,8,8,100.0
9.98,53.62,17,51.75,8.59,1.64,6,10,6.24,10,3,95.69
3.51,97.76,3,66.01,8.74,3.3,7,2,2.71,4,2,74.61
7.67,76.13,16,89.98,7.84,3.65,2,1,3.04,9,1,100.0
4.02,64.98,13,62.68,9.12,2.27,0,7,7.1,5,6,74.91
4.8,53.84,13,55.18,8.42,3.42,6,2,3.23,6,10,82.07
6.28,75.03,12,67.53,9.29,1.8,4,10,5.0,5,1,95.17
8.74,89.73,6,80.22,6.6,3.34,4,5,7.11,10,5,100.0
9.84,85.35,11,61.05,8.49,0.2,6,5,1.68,7,9,100.0
7.68,52.51,14,95.72,10.0,1.95,0,3,7.86,7,9,92.88
4.18,53.65,18,50.65,8.35,3.95,7,3,5.62,1,4,71.86
4.21,70.14,10,63.28,4.69,4.02,4,3,3.97,2,7,80.53
7.38,64.76,14,82.98,7.11,3.58,7,6,3.45,7,7,97.48
2.39,61.62,11,78.24,7.52,1.02,4,4,7.63,8,4,74.59
1.1,64.05,2,90.45,5.05,1.24,6,3,1.65,4,5,69.08
3.55,90.17,16,99.78,9.78,4.98,2,2,2.49,6,9,100.0
2.87,96.46,2,59.88,5.05,0.52,1,3,2.46,10,7,73.43
2.96,70.26,18,37.78,5.07,0.9,5,4,2.31,3,7,80.02
2.34,95.31,19,32.13,9.49,0.65,4,6,3.75,7,10,87.84
0.42,66.07,3,80.88,6.79,1.64,8,4,7.91,3,7,63.53
0.18,73.82,2,91.18,4.38,1.05,3,8,7.11,7,9,90.52
9.88,61.3,15,45.45,7.59,2.49,2,3,2.62,8,5,94.32
4.28,82.02,11,41.09,7.61,2.38,8,3,3.38,3,6,80.18
3.84,98.95,7,34.35,4.39,4.51,7,3,5.36,2,3,69.43
6.8,80.17,16,87.59,9.84,0.17,5,8,0.14,6,1,100.0
2.18,67.89,6,51.8,7.26,1.6,0,4,6.56,4,2,67.4
9.5,82.39,10,58.12,7.36,2.98,0,1,7.04,8,8,100.0
7.86,56.15,17,65.19,7.12,3.02,5,2,6.86,2,1,79.44
0.89,94.43,0,88.76,7.66,2.4,2,10,3.0,4,10,91.8
4.18,75.15,2,75.56,5.59,4.08,2,2,3.7,2,7,66.91
8.79,72.47,3,73.05,5.72,0.31,5,3,0.1,2,5,90.07
9.45,79.29,12,42.3,7.07,4.08,2,6,3.2,2,6,79.44
4.67,81.24,5,65.92,8.84,2.47,5,8,3.68,1,8,87.42
6.13,53.59,13,80.08,4.3,0.67,4,1,7.26,4,4,80.93
1.67,84.13,4,98.13,7.62,4.43,3,9,7.15,2,6,74.13
9.91,62.1,15,44.1,8.84,3.25,7,1,7.73,9,3,100.0
2.32,85.7,14,30.67,4.94,0.82,1,10,7.08,9,7,82.93
9.43,91.13,14,35.27,4.09,0.17,6,2,0.07,7,2,100.0
6.5,90.2,3,56.31,5.88,0.71,3,3,5.13,6,8,75.82
6.08,77.63,7,87.44,7.53,3.04,1,7,0.55,3,7,99.73
5.13,76.01,15,30.5,4.83,0.9,6,9,2.18,7,8,85.89
2.31,57.14,15,61.97,6.56,1.13,0,3,4.63,1,2,72.37
1.77,88.77,3,53.05,7.31,0.13,3,8,5.6,9,3,76.07
2.2,63.57,12,33.67,7.59,3.61,8,9,5.24,4,4,69.88
1.86,74.83,12,61.52,5.65,4.05,3,10,0.39,6,9,83.17
7.8,64.21,1,47.83,6.4,3.98,2,7,0.83,6,5,76.2
3.5,56.69,2,54.63,8.67,0.64,1,4,1.03,3,6,58.53
0.58,81.48,7,79.39,9.65,4.52,2,4,0.73,4,1,65.36
9.69,52.72,14,66.51,9.17,3.36,0,4,1.43,10,4,96.82
8.84,87.43,10,38.73,7.39,4.49,7,6,5.51,3,4,94.0
9.28,65.88,8,97.3,6.46,2.24,0,4,6.65,6,10,94.98
9.95,50.01,6,74.51,6.0,2.18,2,5,3.27,1,8,93.04
1.74,75.56,12,83.61,4.75,3.92,2,9,5.54,8,8,88.35
3.96,52.34,1,35.54,4.64,0.47,1,7,1.6,8,10,67.62
7.58,63.81,7,33.29,8.13,2.6,4,8,7.79,9,6,85.74
6.96,85.35,6,31.36,5.56,4.18,2,5,2.8,6,8,82.01
1.54,53.13,11,43.22,5.53,4.15,2,5,6.77,1,9,55.21
8.16,91.97,18,59.01,9.99,4.78,7,7,7.56,3,5,100.0
2.24,50.19,6,95.51,5.13,3.49,3,8,6.92,1,1,71.34
2.24,62.34,9,61.99,4.89,1.04,3,9,0.54,5,1,65.6
5.37,87.05,15,50.32,4.59,0.1,2,2,5.2,3,2,71.15
5.93,65.81,2,69.34,7.48,2.4,0,3,0.96,2,2,66.15
5.8,55.09,9,37.84,7.77,2.57,7,2,0.05,3,5,73.41
0.91,68.01,5,72.67,6.19,1.2,0,10,0.41,9,7,86.42
8.77,63.52,17,69.79,7.21,0.62,6,7,7.33,8,7,100.0
2.66,92.14,17,85.44,8.73,2.93,4,2,7.27,3,4,99.02
1.3,65.67,4,99.07,8.91,3.82,3,2,1.81,2,4,74.32
8.89,89.45,20,47.56,9.75,4.97,3,2,4.38,5,10,100.0
9.56,94.59,6,65.68,8.95,3.79,7,4,7.64,1,3,98.77
8.62,71.69,1,93.62,7.39,3.97,5,1,3.97,4,2,88.37
8.1,95.5,10,84.96,5.08,3.08,0,2,3.15,8,3,100.0
6.55,68.87,12,64.12,4.6,4.93,7,3,3.87,1,8,78.47
5.51,98.2,4,96.18,4.33,3.2,1,7,6.32,5,1,81.16
0.87,54.46,5,34.01,8.0,4.3,5,10,3.82,4,4,57.29
4.08,84.35,13,95.17,8.85,4.73,8,1,6.27,6,7,100.0
3.73,74.69,11,33.54,7.05,4.65,0,6,3.45,7,5,78.43
2.6,69.38,3,68.31,4.33,1.91,5,3,2.02,9,2,68.91
7.23,81.64,5,92.33,7.21,0.39,7,3,2.61,1,1,99.55
4.96,85.19,9,48.39,9.61,0.86,1,4,0.62,10,6,93.61
0.81,50.22,17,63.06,7.59,0.3,4,4,3.98,4,5,68.58
2.2,58.35,14,52.7,8.86,0.53,5,7,1.18,6,3,83.85
6.83,85.65,7,96.65,8.8,0.92,4,3,6.49,10,9,100.0
0.76,83.32,8,87.66,9.59,1.71,2,8,3.36,7,3,89.24
8.51,98.3,4,79.63,8.62,2.72,3,8,6.12,7,2,100.0
4.95,88.05,9,71.13,8.49,3.56,6,7,7.64,8,5,100.0
4.81,97.54,19,87.44,5.4,1.05,3,2,6.8,10,9,99.19
5.92,85.13,5,57.46,4.36,3.36,8,5,7.61,8,8,90.65
8.25,64.9,15,61.33,7.11,3.52,1,6,4.54,8,6,87.54
3.48,55.27,2,81.1,4.75,2.79,4,10,1.32,8,3,79.78
6.78,89.09,9,55.04,9.77,4.52,7,4,7.48,8,6,95.1
5.66,82.21,10,34.47,5.74,0.55,4,10,6.95,6,5,77.5
2.67,52.41,10,35.2,9.12,0.89,7,5,6.92,9,1,62.12
8.79,68.0,16,38.08,6.33,2.14,7,9,5.55,3,5,88.76
7.97,97.84,3,90.88,5.94,0.63,8,7,5.0,6,7,100.0
6.58,75.02,3,63.06,9.61,2.83,5,2,0.12,5,9,86.47
8.51,71.64,16,79.9,6.18,1.99,3,1,5.98,8,1,99.75
8.67,72.88,8,57.5,6.34,1.42,2,2,0.73,4,3,86.82
7.08,60.44,18,48.11,4.64,0.85,4,3,2.08,4,8,85.91
8.37,68.44,4,54.3,8.02,1.68,5,2,4.41,10,6,96.18
6.97,68.49,5,85.59,5.73,3.04,2,3,3.61,10,5,92.62
6.8,52.62,2,73.77,7.51,2.88,1,10,0.13,5,10,90.33
6.19,88.38,0,95.63,7.55,0.82,6,9,6.59,6,2,94.58
7.53,70.83,19,77.58,8.32,0.62,4,4,7.03,4,3,100.0
1.59,91.11,15,69.91,8.47,0.13,8,9,5.45,2,2,89.14
8.81,92.52,10,72.71,7.09,0.06,2,3,4.33,2,1,100.0
8.72,60.6,12,95.97,5.99,4.4,7,1,7.69,3,7,96.37
0.29,82.87,9,85.17,9.02,0.23,5,5,0.96,2,3,76.04
8.26,73.61,2,31.68,5.86,3.66,3,10,5.9,1,7,69.46
1.29,94.01,8,67.39,7.05,4.36,8,10,1.03,8,7,100.0
3.35,60.79,11,78.18,6.41,0.49,4,2,3.05,5,8,81.6
7.44,83.89,13,82.41,9.13,2.18,5,4,4.68,10,1,100.0
1.61,80.39,0,44.92,6.59,4.81,8,2,5.9,1,5,61.41
8.18,64.77,17,90.7,6.32,4.17,6,2,0.03,9,10,100.0
8.32,56.83,16,96.91,8.14,2.45,4,3,2.08,8,9,100.0
5.07,82.58,8,46.57,7.61,3.81,1,5,4.31,4,7,71.58
0.06,86.93,8,91.78,4.64,4.17,3,4,4.26,8,1,79.95
2.87,65.78,9,36.79,7.05,1.74,1,2,5.1,10,8,73.65
6.17,82.24,18,33.9,8.41,4.46,2,10,2.43,7,3,92.59
9.81,69.76,14,39.05,9.95,2.35,2,2,4.32,7,4,87.55
6.32,85.66,4,34.04,7.77,2.64,3,6,1.52,1,4,64.53
2.6,59.96,14,89.15,6.22,5.0,5,7,1.49,6,10,73.16
6.34,94.51,19,34.13,5.36,4.22,2,10,4.61,4,8,85.72
5.4,64.37,1,49.02,9.24,1.81,0,6,5.48,10,1,67.49
7.8,68.39,12,37.26,8.89,0.05,0,7,0.96,10,8,91.62
1.07,52.9,15,50.68,5.4,3.13,8,1,0.98,10,9,77.3
7.61,55.58,14,36.34,5.2,3.52,8,6,4.52,2,9,96.78
5.41,75.79,9,76.76,8.29,3.25,4,3,2.16,10,5,97.61
9.63,63.38,13,39.33,5.89,4.84,8,1,3.14,7,4,83.91
3.42,91.77,9,89.63,5.84,4.31,6,8,3.21,9,4,100.0
6.33,50.73,13,87.2,4.91,2.24,8,4,1.43,5,9,100.0
9.32,68.95,8,30.96,5.58,0.31,6,10,0.01,8,8,89.74
1.03,66.87,13,92.7,6.57,2.38,8,8,6.83,5,10,93.67
9.37,50.97,2,32.03,8.4,3.45,1,10,5.72,7,10,80.64
6.88,56.22,19,46.78,6.02,3.04,7,4,5.52,7,7,96.75
0.68,70.68,15,32.27,5.97,2.69,6,4,4.37,9,3,59.31
3.01,74.64,1,53.51,5.71,2.34,5,10,5.61,3,4,69.24
7.08,70.21,9,65.97,6.87,1.47,4,4,7.49,1,9,91.1
0.67,76.55,2,85.77,5.08,1.39,3,6,5.33,2,8,78.6
5.82,79.76,10,53.66,6.91,2.5,6,9,2.12,6,1,81.47
3.46,50.5,10,79.38,8.23,0.8,2,5,4.56,10,3,81.8
6.21,73.2,20,43.13,4.18,1.7,7,10,3.54,10,10,100.0
0.46,98.17,20,82.54,4.06,1.62,1,8,4.45,9,2,95.66
8.72,75.95,12,46.52,4.45,2.94,0,8,4.14,3,2,80.19
9.73,83.88,6,40.05,7.21,0.33,1,4,6.87,10,8,88.11
9.69,65.59,16,42.98,9.13,4.15,8,10,5.21,2,6,98.47
7.5,88.7,1,42.74,4.03,2.81,4,9,1.51,1,6,74.69
1.3,88.65,11,65.9,9.62,3.35,7,9,0.5,2,4,85.56
7.58,76.06,9,89.14,4.64,3.52,2,5,3.39,3,1,85.57
0.25,98.8,17,35.57,9.05,1.46,6,6,0.12,7,7,78.32
0.22,56.28,10,79.49,6.9,2.35,1,5,2.55,2,8,73.61
3.24,50.85,15,75.8,7.96,4.78,7,3,2.94,5,2,92.47
4.89,88.51,16,91.08,7.06,3.83,6,8,3.0,2,2,100.0
7.7,90.36,18,47.09,6.86,4.85,4,9,7.83,7,1,95.33
6.83,56.01,17,61.51,9.01,3.73,3,4,2.43,10,4,100.0
4.46,63.28,2,94.81,8.54,0.88,0,9,2.12,8,6,85.07
2.74,50.88,20,76.2,6.9,0.32,4,9,1.04,8,5,96.19
9.97,64.67,15,57.21,4.67,2.89,8,7,4.09,8,4,100.0
4.26,88.66,5,39.2,4.69,1.79,3,8,1.23,10,4,85.18
4.51,75.9,11,48.37,8.81,1.38,8,3,4.93,9,10,96.92
1.64,67.4,10,70.69,7.18,4.04,1,5,1.24,1,7,79.14
7.95,68.59,14,80.27,6.89,1.83,3,3,4.61,1,7,92.35
6.94,50.07,14,38.71,8.08,1.59,8,7,6.61,10,2,95.2
2.21,64.99,15,71.97,9.15,4.25,3,6,0.34,2,7,82.98
0.82,82.32,9,68.52,7.77,4.23,4,3,3.36,6,2,72.52
6.8,98.71,11,65.98,8.58,1.78,7,9,3.69,1,4,99.49
6.55,92.35,12,78.31,8.59,4.16,0,1,6.33,5,1,96.45
2.73,51.18,3,88.62,6.14,4.25,0,10,3.74,5,5,71.11
9.51,94.93,6,52.61,5.64,2.12,8,3,4.54,4,1,90.93
1.51,89.16,1,92.23,8.81,0.33,8,10,6.33,5,4,76.86
4.32,89.02,14,41.24,6.26,0.01,3,7,4.48,1,9,78.86
9.44,72.9,7,42.11,9.42,2.62,1,3,2.87,6,8,87.59
4.2,69.9,6,48.67,4.42,1.72,8,3,0.69,7,6,74.28
6.39,65.15,14,38.37,4.35,4.99,3,2,5.84,8,8,74.36
3.98,53.28,13,46.12,9.56,3.86,5,9,6.97,2,5,62.16
2.74,61.41,7,37.45,7.89,3.81,0,4,7.76,7,7,56.34
9.84,62.33,11,87.52,6.28,4.78,8,10,7.41,6,8,100.0
4.09,74.2,12,39.73,8.53,4.44,4,6,6.38,9,7,73.35
8.94,87.37,10,82.31,8.03,1.59,2,2,5.15,8,4,100.0
2.3,73.69,16,33.35,7.19,0.83,3,9,6.25,4,5,74.99
2.13,52.89,16,96.4,4.59,3.73,0,7,3.46,9,10,100.0
0.31,97.89,3,79.78,8.87,1.89,8,10,4.76,1,6,85.24
6.52,97.14,20,30.48,9.2,2.37,7,5,2.79,6,6,100.0
3.69,89.26,7,83.47,5.03,3.15,3,7,2.61,8,9,96.25
8.64,99.57,4,65.99,9.1,4.54,1,4,6.05,4,10,93.5
4.73,77.22,15,84.56,9.27,2.1,8,10,3.63,2,2,100.0
9.68,98.14,3,66.57,7.3,3.92,3,7,1.7,2,6,100.0
1.86,53.78,14,74.87,7.94,1.34,8,2,1.62,10,3,87.33
8.69,68.28,11,85.04,6.29,3.49,2,7,6.87,1,2,96.47
7.77,61.27,4,58.36,5.69,0.01,6,4,5.42,5,6,96.92
7.71,59.79,15,30.19,8.33,4.36,6,4,4.37,6,4,82.43
8.45,57.04,13,89.5,9.17,0.15,3,1,3.21,4,5,98.48
7.61,81.12,9,56.66,7.92,3.56,1,3,3.45,4,5,83.06
6.26,89.07,6,64.72,7.07,0.23,8,5,0.46,5,3,93.64
1.31,78.91,12,30.54,4.95,1.33,3,5,3.64,5,4,68.12
0.33,57.35,19,64.45,4.32,2.49,7,2,6.36,9,3,76.97
9.21,90.56,4,99.05,6.67,2.1,1,4,3.1,8,7,100.0
6.17,81.8,2,49.48,4.3,0.96,7,1,3.07,9,1,77.16
7.97,69.41,14,57.68,7.42,1.67,4,9,0.13,3,6,98.02
4.82,83.71,3,78.1,6.3,3.64,6,1,3.66,3,4,76.84
1.17,63.0,14,87.04,8.54,3.35,6,6,0.2,1,1,72.54
1.25,67.26,13,59.22,5.83,0.36,8,7,4.56,10,1,83.55
6.86,95.87,19,51.68,7.56,3.74,2,3,4.05,6,5,100.0
4.3,64.53,18,95.65,7.23,0.27,3,1,6.72,4,5,90.47
2.01,73.5,12,77.4,4.03,2.71,3,7,4.65,8,10,82.3
4.92,94.51,9,38.33,4.43,1.3,4,3,2.59,2,7,84.04
0.64,85.39,20,34.82,5.74,2.94,5,10,4.13,2,4,72.06
5.82,53.11,4,63.85,9.29,1.31,2,6,5.6,7,9,85.19
2.69,57.37,19,45.41,4.88,4.92,3,6,0.75,5,4,69.01
7.98,50.39,19,47.78,8.27,1.55,2,4,4.97,1,7,82.57
3.1,81.55,5,91.44,9.84,1.21,1,6,7.33,7,5,92.73
4.55,72.38,3,36.27,8.74,1.39,8,10,2.39,7,5,79.28
0.12,56.71,1,80.08,5.46,4.48,0,4,5.01,10,6,63.74
0.72,97.9,15,48.98,9.45,3.18,1,8,6.57,6,8,71.7
3.92,76.48,17,83.22,4.56,3.65,7,9,4.09,4,5,100.0
4.8,62.09,4,80.57,6.81,4.59,6,2,5.74,8,3,77.01
6.0,75.03,3,30.52,9.33,4.56,0,7,2.49,2,6,69.37
2.92,83.98,12,65.64,7.85,3.69,4,9,2.45,2,2,80.87
6.95,53.81,18,39.75,6.48,0.99,5,9,5.34,2,8,86.1
8.6,63.74,1,90.64,5.76,4.22,4,5,5.64,3,8,93.65
7.8,90.35,12,91.01,6.25,1.02,3,1,7.5,6,3,100.0
0.4,72.98,10,59.28,7.05,3.71,0,6,1.8,1,8,71.45
4.81,77.33,3,61.11,5.91,3.43,6,8,3.75,2,9,86.99
1.05,71.64,19,51.23,9.81,3.79,8,1,2.0,10,5,79.66
2.42,52.19,19,80.16,9.6,2.66,5,2,0.64,2,5,82.0
9.87,58.29,14,55.11,9.22,3.19,2,1,3.23,1,6,89.92
1.42,72.28,3,48.75,6.53,4.77,3,5,2.99,3,7,53.91
4.99,60.46,8,60.26,8.15,0.51,4,2,2.16,10,3,74.34
6.18,52.5,6,36.4,9.42,1.54,0,10,2.38,7,5,68.71
7.02,92.18,18,82.26,9.1,3.06,4,10,2.88,1,1,100.0
5.6,99.06,18,30.88,6.49,4.82,0,4,7.91,7,10,65.04
0.1,89.66,5,75.11,4.67,0.48,8,1,6.26,5,5,67.39
3.26,92.69,5,42.8,4.45,0.11,6,7,0.57,9,4,71.63
5.18,62.1,19,46.27,7.46,0.28,2,8,6.98,2,1,81.13
0.88,98.03,14,74.49,7.86,0.26,8,5,5.07,1,7,91.58
3.51,59.85,14,99.51,9.1,4.54,1,2,7.12,9,1,88.7
0.33,97.57,19,84.44,5.76,3.61,6,8,2.73,8,8,100.0
0.79,99.74,8,45.81,5.0,3.39,8,1,3.72,10,10,83.39
3.97,85.59,3,42.32,6.27,2.61,5,7,7.17,6,2,63.97
1.33,99.06,17,90.64,6.12,3.91,4,1,2.18,5,10,100.0
5.68,78.48,17,61.09,4.79,0.78,6,6,7.32,8,5,96.77
6.89,62.98,4,39.59,8.03,1.96,5,6,6.63,8,6,82.7
8.01,71.85,19,90.35,7.05,2.45,4,5,7.84,5,9,100.0
2.0,79.68,10,87.13,8.33,0.55,1,2,2.59,7,7,88.37
1.67,53.65,4,98.87,6.12,2.1,7,2,1.89,1,6,74.94
1.05,81.12,3,93.68,5.95,1.58,6,9,2.65,4,5,83.61
6.36,99.06,11,89.63,6.84,0.18,5,5,7.64,2,6,100.0
7.06,59.51,1,33.68,9.26,0.68,4,5,2.66,10,4,77.8
0.32,89.63,12,37.31,4.24,3.82,4,7,4.52,3,1,60.95
9.36,95.39,9,69.83,8.83,0.09,8,6,3.23,1,9,100.0
0.52,97.19,8,67.2,6.21,4.67,0,2,3.17,2,5,67.8
5.41,98.01,9,62.06,9.13,0.43,8,1,1.55,1,8,92.61
7.09,76.07,6,57.78,8.81,4.0,5,5,4.3,8,7,97.08
8.71,98.87,3,60.18,6.09,4.49,3,4,6.8,4,8,79.97
7.14,87.87,18,69.85,8.16,4.71,6,3,0.4,3,1,99.0
8.02,58.08,9,30.15,4.96,4.34,8,2,7.11,1,9,68.39
3.39,73.85,2,48.25,9.38,1.44,4,10,5.32,2,1,61.25
8.15,85.92,20,66.28,6.43,1.67,4,2,4.93,3,3,100.0
0.8,62.37,18,80.56,6.73,2.13,7,4,5.01,3,8,76.53
8.95,82.03,20,42.19,8.23,0.7,6,2,2.37,6,1,99.07
5.48,83.33,1,68.28,8.93,0.11,7,4,3.32,10,1,89.08
8.17,58.13,19,80.01,5.42,4.35,1,3,6.39,8,6,93.98
4.52,78.25,9,61.12,7.97,2.77,8,9,2.45,6,5,91.85
6.44,88.58,1,31.9,6.35,3.04,2,7,3.76,2,6,63.65
5.26,74.94,1,61.45,6.21,4.63,5,3,0.16,2,3,81.25
7.32,50.61,16,50.75,8.14,3.33,5,8,5.87,7,10,100.0
0.82,50.45,15,95.08,6.32,3.45,1,9,3.34,1,10,79.46
0.6,67.85,15,38.72,6.08,3.93,6,7,4.2,1,6,61.11
2.47,96.31,13,75.67,9.02,0.58,8,6,0.92,7,2,100.0
1.6,61.43,6,33.69,4.61,1.8,0,4,7.93,9,8,59.85
8.72,81.72,20,61.23,8.06,4.84,7,5,2.42,5,6,100.0
2.19,61.1,10,68.78,5.49,4.61,1,8,5.08,1,4,59.51
9.76,66.08,0,50.86,4.09,4.42,0,3,4.65,5,4,70.76
3.37,92.4,10,61.86,5.0,2.26,7,2,6.28,1,7,78.53
1.82,86.44,20,41.45,7.64,4.29,1,3,2.35,10,3,80.96
7.9,54.77,3,51.29,8.25,0.24,5,7,6.05,9,3,84.36
6.59,71.44,6,73.48,4.13,0.74,5,8,3.06,4,6,92.84
4.98,51.46,14,51.13,4.22,2.07,4,1,3.29,9,9,88.07
5.55,74.04,17,92.98,9.42,2.42,7,7,5.38,2,1,100.0
7.19,83.12,11,73.99,4.44,1.32,2,9,6.27,7,5,100.0
2.28,55.93,16,60.71,9.37,1.78,3,3,5.33,2,1,60.77
9.96,64.44,0,32.71,5.37,0.81,6,3,7.2,4,1,75.38
9.75,69.89,10,64.97,8.44,2.45,6,8,2.28,6,3,100.0
6.5,95.98,0,83.53,5.86,3.97,7,4,7.2,2,3,83.98
2.0,99.66,14,48.59,9.15,3.31,1,8,1.05,2,4,76.41
6.8,52.25,20,86.47,8.2,0.54,1,5,5.28,2,3,92.36
0.72,88.05,9,47.63,6.41,2.44,3,3,4.38,3,6,61.39
0.31,68.59,6,87.66,4.46,3.49,8,4,3.96,5,4,65.96
2.58,69.62,1,35.97,8.4,2.65,8,4,2.49,9,8,64.97
4.63,87.71,9,90.63,7.7,1.96,3,8,4.03,6,1,89.5
8.68,95.92,3,64.94,4.02,3.11,8,6,1.29,9,8,95.5
7.27,97.55,11,50.76,4.06,4.84,2,7,2.95,10,1,86.77
7.43,78.86,18,48.56,8.85,0.47,4,9,0.79,5,1,100.0
4.25,67.86,10,60.24,5.56,1.95,8,6,4.57,6,7,88.05
3.46,89.38,7,99.93,7.82,2.03,5,3,0.77,10,1,93.35
3.71,62.55,17,45.42,6.73,2.88,2,3,1.28,8,9,77.93
9.88,78.2,10,37.23,9.18,0.76,8,3,0.68,3,8,100.0
0.4,67.93,10,70.95,9.5,0.88,5,10,3.05,2,1,77.68
8.67,82.83,12,64.2,9.98,1.43,3,2,6.74,3,2,90.85
5.79,62.02,2,66.69,4.92,4.78,3,1,7.26,9,2,77.44
4.39,59.58,11,76.69,9.18,3.67,7,10,0.58,6,2,87.95
7.25,95.91,2,48.7,5.6,3.31,6,1,5.08,10,6,88.86
4.87,55.09,9,93.75,7.54,4.08,0,4,5.48,4,4,72.3
8.73,75.3,16,60.5,7.03,0.64,5,3,4.27,10,8,100.0
9.01,61.04,1,39.04,4.11,4.3,7,5,5.34,3,1,69.17
4.22,51.95,16,81.96,9.6,2.97,2,9,1.87,2,10,82.2
2.77,51.8,15,75.02,4.47,1.68,8,8,3.92,4,4,86.28
5.92,58.76,1,52.1,8.13,4.08,1,9,3.13,9,10,82.98
9.12,93.34,19,73.51,8.71,4.01,5,5,0.72,4,5,100.0
2.11,64.12,5,45.39,8.77,4.23,0,8,5.0,5,9,74.37
6.23,97.52,9,61.14,4.81,0.58,1,4,3.96,8,5,92.38
6.32,79.08,9,92.96,6.69,4.85,4,5,2.2,2,3,91.66
7.33,71.83,7,39.35,8.98,4.8,0,3,3.79,3,4,61.32
1.32,79.0,0,57.07,5.82,1.79,7,5,6.2,6,10,72.06
7.16,75.83,12,87.48,6.81,0.33,0,3,6.41,7,7,100.0
9.09,87.94,8,97.86,5.64,0.84,8,5,5.2,4,1,100.0
1.8,64.12,9,61.77,6.78,4.96,2,5,3.74,1,6,61.6
2.38,67.65,14,65.49,9.33,2.82,1,6,4.61,7,8,82.12
9.71,94.7,4,70.05,6.73,1.78,0,9,3.08,9,1,100.0
1.81,97.32,15,95.26,7.34,1.44,8,1,1.01,1,8,100.0
8.54,94.63,12,90.07,6.42,1.28,3,10,3.08,1,7,100.0
4.92,70.97,19,41.94,6.76,3.32,0,6,4.24,1,1,71.21
2.47,89.02,17,60.57,4.09,2.1,0,1,4.79,10,9,88.66
8.71,73.82,10,62.48,5.7,4.83,6,6,7.49,7,3,92.85
4.45,74.88,8,85.24,6.62,3.42,1,2,6.22,9,2,81.4
5.15,60.23,15,72.2,7.8,3.96,6,8,1.22,3,7,96.0
3.59,79.56,1,75.8,6.7,1.46,6,3,1.39,8,3,80.72
5.93,59.31,1,99.87,6.03,0.4,8,10,0.8,9,1,92.66
1.64,66.58,11,35.25,6.33,2.44,6,6,5.91,3,10,72.91
3.91,92.75,7,45.61,5.45,1.57,0,6,5.65,3,3,61.28
9.69,60.35,8,58.55,9.55,1.01,7,4,7.89,1,6,87.42
2.58,53.56,11,54.34,7.13,4.76,7,5,4.18,2,3,67.63
6.57,53.45,8,31.52,4.08,2.22,3,2,6.61,7,5,68.32
3.25,97.04,9,36.42,4.12,0.87,7,10,4.61,3,9,80.67
7.73,75.35,1,77.67,9.84,0.99,3,10,6.99,7,7,80.87
1.31,70.47,15,91.55,5.33,1.4,7,8,5.77,5,2,84.47
9.7,90.54,19,66.0,8.83,5.0,4,10,5.14,10,1,100.0
4.54,91.79,6,67.74,4.35,1.34,3,7,4.52,8,7,88.24
2.36,66.61,1,47.86,9.53,1.64,5,10,5.78,5,4,67.84
0.73,84.68,0,83.75,9.25,3.3,1,6,3.36,3,7,74.98
1.7,88.56,18,82.63,7.43,1.47,1,7,0.77,9,6,100.0
5.2,82.73,3,71.19,4.05,1.08,1,1,0.32,7,7,77.55
3.37,57.58,1,44.89,5.55,0.79,8,5,3.83,5,4,60.85
8.29,93.79,13,36.79,6.44,1.56,2,7,4.79,7,3,98.84
4.31,76.95,1,34.5,6.76,0.53,3,1,0.63,10,5,67.91
2.49,64.12,14,71.49,5.79,0.09,7,2,2.3,9,3,85.63
6.17,71.26,11,87.75,4.2,4.02,3,9,2.58,5,3,96.37
7.07,51.88,4,90.08,7.54,0.69,6,3,4.5,7,4,97.08
1.67,56.39,19,62.45,7.14,3.88,4,6,2.23,9,8,81.54
1.68,88.28,6,84.9,5.7,3.99,8,7,0.77,1,2,77.45
0.37,50.0,20,96.28,4.23,2.69,3,9,1.32,4,4,76.02
7.36,70.83,9,49.26,9.97,1.55,2,5,1.39,1,3,76.24
6.64,76.13,13,57.86,6.89,0.73,1,4,6.74,8,7,92.79
4.75,52.73,13,95.2,8.54,3.68,0,2,2.27,3,2,79.1
8.44,98.65,4,53.68,6.71,3.01,5,3,5.72,2,1,90.44
8.06,61.31,17,93.97,4.26,3.28,1,5,4.54,4,10,100.0
5.85,65.21,13,98.67,5.86,0.04,7,2,7.82,3,1,91.8
8.68,65.2,1,76.33,5.92,4.64,5,4,2.18,5,6,86.66
2.06,61.52,11,87.18,9.03,0.33,4,1,1.27,8,3,77.31
1.12,50.07,5,82.47,7.93,1.83,1,4,0.42,10,7,74.88
2.7,86.47,3,78.97,5.65,2.01,6,7,1.93,8,8,91.23
0.57,98.34,12,51.49,9.81,0.01,1,3,5.47,7,5,73.86
5.31,61.21,3,34.0,5.93,2.49,4,10,0.68,8,5,73.95
9.37,83.15,13,54.01,9.99,3.76,1,8,1.96,5,2,92.58
0.39,87.09,15,76.69,9.98,4.12,1,6,6.84,10,8,82.6
1.22,92.42,3,37.18,5.15,4.4,6,6,4.66,10,10,72.5
4.52,71.13,0,30.83,5.88,2.44,8,1,0.56,6,1,62.7
9.34,65.15,12,39.78,6.92,3.15,4,5,0.38,8,10,95.32
3.16,66.26,3,80.1,7.98,0.4,6,3,0.49,1,9,78.75
5.07,85.63,19,98.1,7.17,2.44,3,10,7.54,6,1,100.0
0.42,90.84,17,98.81,9.82,0.77,1,1,6.8,6,1,90.22
1.48,59.08,5,64.58,8.34,1.85,2,8,6.76,5,1,66.29
9.87,68.55,2,90.85,5.27,1.65,1,7,7.39,4,7,99.0
9.65,95.1,12,81.58,4.63,2.12,4,7,4.04,1,4,100.0
0.05,90.33,15,65.07,8.13,2.86,5,10,1.98,10,7,94.62
9.52,99.24,4,70.09,4.95,4.51,6,10,3.21,8,5,100.0
6.39,87.71,3,39.61,8.73,1.97,2,10,5.75,6,7,84.48
8.68,69.66,20,95.64,5.87,4.91,3,4,7.01,3,10,100.0
4.55,79.53,7,54.64,5.96,3.8,7,6,3.48,3,7,70.45
5.16,83.05,18,61.23,4.06,2.56,3,9,4.28,6,4,91.51
4.89,53.92,13,77.02,8.21,3.22,6,3,7.45,7,2,88.27
6.67,77.22,6,53.37,4.68,0.51,5,9,0.86,8,8,97.63
1.4,85.47,13,47.8,8.64,4.22,6,4,6.9,5,2,65.01
0.3,58.37,5,74.17,6.95,2.91,0,5,1.27,10,9,75.61
3.08,89.03,11,31.75,8.71,4.93,2,7,3.87,6,5,77.79
7.05,79.19,15,80.45,7.5,3.18,5,6,1.75,1,9,100.0
2.02,97.61,16,65.98,4.49,4.17,2,10,4.82,6,9,92.45
6.73,52.12,12,72.4,8.59,4.0,6,8,4.47,9,8,98.97
9.7,63.27,13,74.23,4.42,1.73,8,8,3.04,10,8,100.0
0.94,80.08,6,66.89,6.87,1.3,2,8,6.91,4,4,71.74
6.73,64.83,13,70.78,5.03,2.15,0,3,5.28,10,4,92.26
4.44,85.72,14,77.87,8.51,2.34,5,10,5.77,1,2,88.77
8.68,87.95,11,82.72,9.47,1.2,0,6,1.21,9,4,100.0
1.77,55.13,16,80.92,7.32,4.47,0,7,7.07,4,4,66.28
6.93,75.69,8,90.87,7.16,2.71,7,9,1.34,2,6,100.0
8.38,75.44,14,43.26,8.58,4.89,8,10,1.78,1,3,88.01
9.45,68.46,11,58.08,4.03,4.05,1,10,1.02,3,2,89.61
6.83,96.65,1,96.35,9.51,2.78,8,4,3.52,7,8,98.1
4.97,91.38,4,57.76,5.18,4.74,4,5,7.1,10,2,87.09
6.18,84.86,12,38.74,9.9,2.52,7,8,2.02,2,8,94.13
8.69,85.72,19,66.78,8.42,4.44,6,1,2.99,9,7,100.0
5.71,73.09,7,37.66,8.65,1.79,6,6,6.77,2,3,69.08
0.3,96.05,13,44.2,7.94,1.89,3,4,4.94,5,6,74.54
9.31,84.73,14,99.88,6.83,2.09,1,5,6.01,8,6,100.0
6.9,86.45,10,67.9,7.43,2.73,4,5,1.71,10,10,100.0
6.77,93.08,0,49.88,4.28,2.77,2,2,5.73,8,5,75.67
2.16,63.7,20,99.63,7.74,2.48,8,8,1.82,3,8,100.0
6.59,90.35,2,97.66,7.76,1.53,5,2,7.9,2,5,96.0
3.94,59.76,16,60.85,9.35,4.64,0,4,4.48,9,7,86.45
6.51,67.27,18,48.23,7.03,2.94,2,5,5.57,3,6,81.91
1.07,66.78,13,88.69,4.46,2.04,3,1,0.95,8,7,85.66
6.58,98.93,7,80.09,5.84,3.26,8,6,2.01,2,9,100.0
9.99,92.83,12,78.09,7.93,3.84,5,2,1.12,3,3,100.0
0.48,85.06,19,92.52,5.44,4.8,3,5,3.12,1,10,94.32
9.77,86.35,2,78.26,5.68,2.5,0,6,2.27,6,7,95.26
4.07,78.1,4,49.87,8.92,0.56,7,8,5.86,7,10,81.35
8.71,97.35,8,78.57,7.51,2.2,1,9,0.87,4,3,100.0
7.82,74.81,5,51.41,7.05,2.39,7,6,6.02,1,2,75.47
5.67,69.03,1,83.15,5.91,4.48,5,5,0.37,3,7,78.65
7.38,58.15,12,73.38,8.39,1.97,7,4,1.62,9,4,100.0
8.79,89.31,4,35.42,5.73,4.77,5,2,6.34,5,1,74.06
4.04,86.72,7,65.9,8.42,2.43,4,2,5.94,6,6,72.53
3.27,69.22,0,54.03,4.42,4.87,4,7,3.81,4,6,67.71
6.68,51.26,19,53.0,9.19,0.04,7,5,0.4,1,6,87.58
8.08,91.95,11,72.16,7.0,4.49,6,7,4.88,5,2,100.0
7.62,50.57,10,52.56,6.63,4.66,7,1,3.25,5,1,82.98
7.98,85.18,6,84.38,7.67,4.81,7,1,2.53,5,3,98.23
4.36,98.51,14,34.96,7.75,0.07,6,5,5.12,6,2,73.06
8.18,71.88,10,76.23,4.79,0.86,1,2,3.49,2,6,77.42
1.2,61.75,15,86.64,8.54,3.27,8,8,0.74,1,6,83.21
5.44,85.24,2,77.1,5.66,0.13,6,3,7.33,2,5,80.02
0.06,90.86,19,64.81,9.43,0.32,5,1,6.23,10,10,98.28
3.25,77.32,13,96.52,8.91,1.11,8,2,0.45,6,10,100.0
3.66,98.35,2,51.0,6.08,2.56,0,10,4.2,5,5,85.6
3.96,52.58,0,31.34,8.85,2.73,1,10,0.67,5,9,53.43
6.95,75.24,20,60.24,6.14,0.17,0,7,6.7,6,5,94.93
3.89,85.92,14,32.31,4.61,0.85,2,6,4.9,10,10,81.43
4.49,93.13,0,96.78,9.77,2.5,4,8,1.38,7,6,98.97
2.38,58.96,16,44.69,7.92,2.97,0,7,0.17,9,4,83.48
3.73,90.0,1,85.22,6.74,0.74,3,10,0.25,7,10,100.0
2.27,77.64,19,84.22,6.39,1.99,7,8,4.06,2,1,90.32
0.73,69.83,5,45.24,5.95,4.52,5,3,5.87,6,4,61.57
6.03,56.59,7,73.49,9.89,4.99,0,6,0.97,9,2,85.08
6.68,93.26,15,33.37,4.81,4.94,0,7,1.77,7,10,83.85
6.19,57.86,18,63.85,5.89,4.41,2,10,2.62,2,3,85.08
4.63,65.49,0,31.03,6.91,1.97,7,1,1.74,3,7,58.06
3.8,64.5,2,94.48,6.87,3.43,7,1,3.13,8,7,86.9
8.63,93.57,2,98.33,6.83,2.08,2,7,4.48,9,1,100.0
